Time (s),White Line Pos,User Input,Actual Position,Margin of Error,Coins Collected
0.0334452,0.1123,-0.4,0.01,191.0953,N/A
0.0527709,0.1123,-0.4,0.01,191.0953,N/A
0.0727845,0.1123,-0.4,0.01,191.0953,N/A
0.09306511,0.1123,-0.4,0.01,191.0953,N/A
0.112825,0.1123,-0.4,0.01,191.0953,N/A
0.1328201,0.1123,-0.4,0.01,191.0953,N/A
0.1528194,0.1123,-0.4,0.01,191.0953,N/A
0.1733044,0.1123,-0.4,0.01,191.0953,N/A
0.1931803,0.1123,-0.4,0.01,191.0953,N/A
0.2131168,0.1123,-0.4,0.01,191.0953,N/A
0.2320709,0.1123,-0.4,0.01,191.0953,N/A
0.2526043,0.1123,-0.4,0.01,191.0953,N/A
0.272325,0.1123,.4,0.01,191.0953,N/A
0.2924246,0.1123,.4,0.01,191.0953,N/A
0.3130978,0.1123,.4,0.01,191.0953,N/A
0.3332504,0.1123,.4,0.01,191.0953,N/A
0.3532627,0.1123,.4,0.01,191.0953,N/A
0.3732547,0.1123,.4,0.01,191.0953,N/A
0.3922997,0.1123,.4,0.01,191.0953,N/A
0.4132866,0.1123,.4,0.01,191.0953,N/A
0.4329843,0.1123,.4,0.01,191.0953,N/A
0.4534124,0.1123,.4,0.01,191.0953,N/A
0.4733765,0.1123,.4,0.01,191.0953,N/A
0.4934327,0.1123,.4,0.01,191.0953,N/A
0.5122853,0.1123,.4,0.01,191.0953,N/A
0.533356,0.1123,.4,0.01,191.0953,N/A
0.5532755,0.1123,,0.01,191.0953,N/A
0.5717749,0.1123,,0.01,191.0953,N/A
0.5933274,0.1123,,0.01,191.0953,N/A
0.6122792,0.1123,,0.01,191.0953,N/A
0.6313358,0.1123,4,0.01,191.0953,N/A
0.653319,0.1123,4,0.01,191.0953,N/A
0.6733165,0.1123,4,0.01,191.0953,N/A
0.6924405,0.1123,4,0.01,191.0953,N/A
0.7128834,0.1123,4,0.01,191.0953,N/A
0.7318407,0.1123,.4,0.01,191.0953,N/A
0.7528744,0.1123,.4,0.01,191.0953,N/A
0.7734799,0.1123,.4,0.01,191.0953,N/A
0.7923151,0.1123,.4,0.01,191.0953,N/A
0.8124823,0.1123,.4,0.01,191.0953,N/A
0.8333214,0.1123,.4,0.01,191.0953,N/A
0.8529074,0.1123,.4,0.01,191.0953,N/A
0.8713104,0.1123,.4,0.01,191.0953,N/A
0.8918376,0.1123,.4,0.01,191.0953,N/A
0.9129061,0.1123,.4,0.01,191.0953,N/A
0.932814,0.1123,.4,0.01,191.0953,N/A
0.9528146,0.1123,.4,0.01,191.0953,N/A
0.972287,0.1123,.4,0.01,191.0953,N/A
0.9924403,0.1123,,0.01,191.0953,N/A
1.012451,0.1123,,0.01,191.0953,N/A
1.032313,0.1123,,0.01,191.0953,N/A
1.053456,0.1123,,0.01,191.0953,N/A
1.073332,0.1123,,0.01,191.0953,N/A
1.092435,0.1123,4,0.01,191.0953,N/A
1.113367,0.1123,4,0.01,191.0953,N/A
1.132805,0.1123,4,0.01,191.0953,N/A
1.152315,0.1123,4,0.01,191.0953,N/A
1.172558,0.1123,.4,0.01,191.0953,N/A
1.192852,0.1123,.4,0.01,191.0953,N/A
1.211903,0.1123,.4,0.01,191.0953,N/A
1.232832,0.1123,.4,0.01,191.0953,N/A
1.252797,0.1123,.4,0.01,191.0953,N/A
1.272571,0.1123,.4,0.01,191.0953,N/A
1.292342,0.1123,.4,0.01,191.0953,N/A
1.312444,0.1123,.4,0.01,191.0953,N/A
1.33336,0.1123,.4,0.01,191.0953,N/A
1.352363,0.1123,.4,0.01,191.0953,N/A
1.371875,0.1123,.4,0.01,191.0953,N/A
1.392472,0.1123,.4,0.01,191.0953,N/A
1.413309,0.1123,.4,0.01,191.0953,N/A
1.432828,0.1123,.4,0.01,191.0953,N/A
1.45335,0.1123,,0.01,191.0953,N/A
1.4733,0.1123,,0.01,191.0953,N/A
1.493324,0.1123,,0.01,191.0953,N/A
1.513337,0.1123,,0.01,191.0953,N/A
1.533396,0.1123,,0.01,191.0953,N/A
1.552383,0.1123,4,0.01,191.0953,N/A
1.57333,0.1123,4,0.01,191.0953,N/A
1.593382,0.1123,4,0.01,191.0953,N/A
1.612414,0.1123,4,0.01,191.0953,N/A
1.632431,0.1123,4,0.01,191.0953,N/A
1.653449,0.1123,4,0.01,191.0953,N/A
1.672352,0.1123,4,0.01,191.0953,N/A
1.692418,0.1123,4,0.01,191.0953,N/A
1.712372,0.1123,4,0.01,191.0953,N/A
1.732299,0.1123,.4,0.01,191.0953,N/A
1.752384,0.1123,.4,0.01,191.0953,N/A
1.772309,0.1123,.4,0.01,191.0953,N/A
1.792327,0.1123,.4,0.01,191.0953,N/A
1.811796,0.1123,.4,0.01,191.0953,N/A
1.832324,0.1123,.4,0.01,191.0953,N/A
1.852885,0.1123,.4,0.01,191.0953,N/A
1.87335,0.1123,.4,0.01,191.0953,N/A
1.892447,0.1123,.4,0.01,191.0953,N/A
1.912331,0.1123,,0.01,191.0953,N/A
1.932324,0.1123,,0.01,191.0953,N/A
1.95141,0.1123,,0.01,191.0953,N/A
1.972831,0.1123,,0.01,191.0953,N/A
1.992852,0.1123,,0.01,191.0953,N/A
2.01281,0.05,,0.01,180,N/A
2.032317,0.05,,0.01,180,N/A
2.053387,0.05,,0.01,180,N/A
2.073333,0.05,,0.01,180,N/A
2.092991,0.05,4,0.01454667,170.9067,N/A
2.112336,0.05,4,0.01454667,170.9067,N/A
2.133476,0.04999999,4,0.01454667,170.9066,N/A
2.152383,0.04999999,4,0.01454667,170.9066,N/A
2.172406,0.05,.4,0.01,180,N/A
2.193321,0.05,.4,0.01,180,N/A
2.212835,0.05,.4,0.01,180,N/A
2.233313,0.05,.4,0.01,180,N/A
2.252835,0.05,.4,0.01,180,N/A
2.272844,0.05,.4,0.01,180,N/A
2.293373,0.05,.4,0.01,180,N/A
2.312975,0.05,.4,0.01,180,N/A
2.332333,0.05,.4,0.01,180,N/A
2.352331,0.05,.4,0.01,180,N/A
2.372328,0.05,,0.01,180,N/A
2.391888,0.05,,0.01,180,N/A
2.412905,0.05,,0.01,180,N/A
2.433309,0.05,,0.01,180,N/A
2.451821,0.05,,0.01,180,N/A
2.47282,0.05,,0.01,180,N/A
2.492892,0.05,,0.01,180,N/A
2.512337,0.05,,0.01,180,N/A
2.533467,0.04999999,4,0.01454666,170.9067,N/A
2.552847,0.04999999,4,0.01454666,170.9067,N/A
2.573307,0.04999999,4,0.01454666,170.9067,N/A
2.592384,0.04999999,4,0.01454666,170.9067,N/A
2.613381,0.04999999,4,0.01454666,170.9067,N/A
2.632484,0.04999999,.4,0.01454667,170.9066,N/A
2.652441,0.04999999,.4,0.01454667,170.9066,N/A
2.672415,0.05,.4,0.01454667,170.9067,N/A
2.692431,0.05,.4,0.01454667,170.9067,N/A
2.71288,0.04999999,.4,0.01454667,170.9066,N/A
2.73248,0.05,.4,0.01454667,170.9067,N/A
2.75232,0.04999999,.4,0.01454667,170.9066,N/A
2.773321,0.05,.4,0.01454667,170.9067,N/A
2.792818,0.05,.4,0.01454667,170.9067,N/A
2.813326,0.05,.4,0.01454667,170.9067,N/A
2.832885,0.05,.4,0.01454667,170.9067,N/A
2.85284,0.05,.4,0.01454667,170.9067,N/A
2.870836,0.05,.4,0.01454667,170.9067,N/A
2.89245,0.04999999,.4,0.01454667,170.9066,N/A
2.912908,0.05,,0.01454667,170.9067,N/A
2.931935,0.04999999,,0.01454667,170.9066,N/A
2.952877,0.04999999,,0.01454667,170.9066,N/A
2.97335,0.05,,0.01454667,170.9067,N/A
2.99238,0.04999999,4,0.01454667,170.9066,N/A
3.013493,0.05,4,0.01454667,170.9067,N/A
3.03237,0.05,4,0.01454667,170.9067,N/A
3.052831,0.05,4,0.01454667,170.9067,N/A
3.0733,0.04999999,4,0.01454667,170.9066,N/A
3.093379,0.05,.4,0.01454667,170.9067,N/A
3.112828,0.05,.4,0.01454667,170.9067,N/A
3.132299,0.05,.4,0.01454667,170.9067,N/A
3.151856,0.05,.4,0.01454667,170.9067,N/A
3.171805,0.04999999,.4,0.01454667,170.9066,N/A
3.192479,0.04999999,.4,0.01454667,170.9066,N/A
3.2123,0.04999999,.4,0.01454667,170.9066,N/A
3.233388,0.05,.4,0.01454667,170.9067,N/A
3.252816,0.04999999,.4,0.01454667,170.9066,N/A
3.272333,0.05,.4,0.01454667,170.9067,N/A
3.293388,0.08795911,.4,0.01454667,183.462,N/A
3.312425,0.09499998,.4,0.01454667,184.6877,N/A
3.332428,0.09499998,.4,0.01454667,184.6877,N/A
3.352821,0.095,,0.01454667,184.6877,N/A
3.372899,0.095,,0.01454667,184.6877,N/A
3.392834,0.09500001,,0.01454667,184.6877,N/A
3.41236,0.095,,0.01454667,184.6877,N/A
3.432397,0.09499998,,0.01454667,184.6877,N/A
3.45282,0.09500001,4,0.01454667,184.6877,N/A
3.472354,0.09499998,4,0.01454667,184.6877,N/A
3.492321,0.09500001,4,0.01454667,184.6877,N/A
3.511067,0.09499998,4,0.01454667,184.6877,N/A
3.532971,0.095,4,0.01454667,184.6877,N/A
3.552929,0.09499998,4,0.01454667,184.6877,N/A
3.572855,0.09500001,4,0.01454667,184.6877,N/A
3.592318,0.095,4,0.01454667,184.6877,N/A
3.613416,0.095,4,0.01454667,184.6877,N/A
3.633368,0.095,.4,0.01454667,184.6877,N/A
3.652325,0.095,.4,0.01454667,184.6877,N/A
3.671833,0.095,.4,0.01454667,184.6877,N/A
3.692531,0.09499998,.4,0.01454667,184.6877,N/A
3.711578,0.095,.4,0.01454667,184.6877,N/A
3.73233,0.095,.4,0.01454667,184.6877,N/A
3.752345,0.09499998,.4,0.01454667,184.6877,N/A
3.772377,0.09499998,.4,0.01454667,184.6877,N/A
3.791828,0.095,.4,0.01454667,184.6877,N/A
3.813243,0.095,,0.01454667,184.6877,N/A
3.832787,0.09500001,,0.01454667,184.6877,N/A
3.852248,0.095,,0.01454667,184.6877,N/A
3.872306,0.095,,0.01454667,184.6877,N/A
3.892842,0.09500001,,0.01454667,184.6877,N/A
3.912865,0.095,4,0.01454667,184.6877,N/A
3.932289,0.095,4,0.01454667,184.6877,N/A
3.952298,0.09499998,4,0.01454667,184.6877,N/A
3.973372,0.095,4,0.01454667,184.6877,N/A
3.993326,0.095,4,0.02273067,176.073,N/A
4.012297,0.095,4,0.02273067,176.073,N/A
4.033382,0.095,4,0.02273067,176.073,N/A
4.052907,0.09499998,4,0.02273067,176.073,N/A
4.072963,0.09499998,4,0.02273067,176.073,N/A
4.093285,0.09499998,.4,0.01454667,184.6877,N/A
4.11231,0.095,.4,0.01454667,184.6877,N/A
4.132803,0.09500001,.4,0.01454667,184.6877,N/A
4.152985,0.095,.4,0.01454667,184.6877,N/A
4.172856,0.095,.4,0.01454667,184.6877,N/A
4.193324,0.095,.4,0.01454667,184.6877,N/A
4.212826,0.095,.4,0.01454667,184.6877,N/A
4.232393,0.09500001,.4,0.01454667,184.6877,N/A
4.252838,0.09500001,.4,0.01454667,184.6877,N/A
4.272371,0.095,,0.01454667,184.6877,N/A
4.293383,0.09499998,,0.01454667,184.6877,N/A
4.31345,0.09500001,,0.01454667,184.6877,N/A
4.332314,0.095,,0.01454667,184.6877,N/A
4.353312,0.09500001,,0.01454667,184.6877,N/A
4.373361,0.09500001,,0.01454667,184.6877,N/A
4.392895,0.095,,0.01454667,184.6877,N/A
4.412987,0.095,,0.01454667,184.6877,N/A
4.433046,0.095,,0.01454667,184.6877,N/A
4.452341,0.095,4,0.02273067,176.073,N/A
4.473369,0.095,4,0.02273067,176.073,N/A
4.492836,0.095,4,0.02273067,176.073,N/A
4.512938,0.095,4,0.02273067,176.073,N/A
4.532334,0.095,.4,0.01454667,184.6877,N/A
4.55337,0.095,.4,0.01454667,184.6877,N/A
4.572939,0.09500001,.4,0.01454667,184.6877,N/A
4.59231,0.095,.4,0.01454667,184.6877,N/A
4.612814,0.095,.4,0.01454667,184.6877,N/A
4.633353,0.095,.4,0.01454667,184.6877,N/A
4.652348,0.095,.4,0.01454667,184.6877,N/A
4.673332,0.095,.4,0.01454667,184.6877,N/A
4.69239,0.09499998,.4,0.01454667,184.6877,N/A
4.712031,0.095,.4,0.01454667,184.6877,N/A
4.732808,0.095,.4,0.01454667,184.6877,N/A
4.751811,0.095,.4,0.01454667,184.6877,N/A
4.773432,0.09499998,.4,0.01454667,184.6877,N/A
4.792322,0.095,.4,0.01454667,184.6877,N/A
4.812831,0.09499998,,0.01454667,184.6877,N/A
4.833474,0.095,,0.01454667,184.6877,N/A
4.852113,0.095,,0.01454667,184.6877,N/A
4.872356,0.09500001,,0.01454667,184.6877,N/A
4.892344,0.095,,0.01454667,184.6877,N/A
4.912892,0.095,4,0.02273067,176.073,N/A
4.932366,0.09499999,4,0.02273067,176.073,N/A
4.952421,0.095,4,0.02273067,176.073,N/A
4.972999,0.095,4,0.02273067,176.073,N/A
4.992469,0.09499999,.4,0.02273067,176.073,N/A
5.013005,0.095,.4,0.02273067,176.073,N/A
5.032878,0.095,.4,0.02273067,176.073,N/A
5.052371,0.095,.4,0.02273067,176.073,N/A
5.072818,0.095,.4,0.02273067,176.073,N/A
5.092893,0.095,.4,0.02273067,176.073,N/A
5.113334,0.095,.4,0.02273067,176.073,N/A
5.132821,0.095,.4,0.02273067,176.073,N/A
5.152317,0.095,.4,0.02273067,176.073,N/A
5.172914,0.09499998,.4,0.02273067,176.073,N/A
5.192345,0.095,.4,0.02273067,176.073,N/A
5.212915,0.095,.4,0.02273067,176.073,N/A
5.232852,0.095,.4,0.02273067,176.073,N/A
5.252364,0.09499999,.4,0.02273067,176.073,N/A
5.272529,0.095,,0.02273067,176.073,N/A
5.292817,0.095,,0.02273067,176.073,N/A
5.31341,0.095,,0.02273067,176.073,N/A
5.332827,0.095,,0.02273067,176.073,N/A
5.352795,0.095,4,0.02273067,176.073,N/A
5.373378,0.095,4,0.02273067,176.073,N/A
5.392817,0.095,4,0.02273067,176.073,N/A
5.412889,0.095,4,0.02273067,176.073,N/A
5.431368,0.095,4,0.02273067,176.073,N/A
5.452272,0.095,.4,0.01454667,184.6877,N/A
5.472816,0.095,.4,0.01454667,184.6877,N/A
5.493256,0.095,.4,0.01454667,184.6877,N/A
5.513396,0.09499998,.4,0.01454667,184.6877,N/A
5.532748,0.095,.4,0.01454667,184.6877,N/A
5.553299,0.09499998,.4,0.01454667,184.6877,N/A
5.573454,0.09500001,.4,0.01454667,184.6877,N/A
5.593286,0.095,.4,0.01454667,184.6877,N/A
5.612791,0.095,.4,0.01454667,184.6877,N/A
5.632842,0.09500001,.4,0.01454667,184.6877,N/A
5.652786,0.095,.4,0.01454667,184.6877,N/A
5.672852,0.09500001,.4,0.01454667,184.6877,N/A
5.692935,0.05141145,.4,0.01454667,171.7054,N/A
5.712831,0.1077533,.4,0.01454667,186.5,N/A
5.732985,0.1077533,,0.01454667,186.5,N/A
5.752836,0.1077533,,0.01454667,186.5,N/A
5.772814,0.1077533,,0.01454667,186.5,N/A
5.792449,0.1077533,,0.01454667,186.5,N/A
5.812356,0.1077533,4,0.01454667,186.5,N/A
5.832833,0.1077533,4,0.01454667,186.5,N/A
5.852785,0.1077533,4,0.01454667,186.5,N/A
5.871813,0.1077533,4,0.01454667,186.5,N/A
5.891792,0.1077533,4,0.01454667,186.5,N/A
5.912534,0.1077533,4,0.01454667,186.5,N/A
5.933339,0.1077533,4,0.01454667,186.5,N/A
5.952317,0.1077533,4,0.01454667,186.5,N/A
5.972959,0.1077533,4,0.01454667,186.5,N/A
5.993228,0.1077533,.4,0.01454667,186.5,N/A
6.011871,0.1077533,.4,0.01454667,186.5,N/A
6.032458,0.1077533,.4,0.01454667,186.5,N/A
6.053312,0.1077533,.4,0.01454667,186.5,N/A
6.072837,0.1077533,.4,0.01454667,186.5,N/A
6.093344,0.1077533,.4,0.01454667,186.5,N/A
6.112925,0.1077533,.4,0.01454667,186.5,N/A
6.132823,0.1077533,.4,0.01454667,186.5,N/A
6.152835,0.1077533,.4,0.01454667,186.5,N/A
6.17225,0.1077533,,0.01454667,186.5,N/A
6.192823,0.1077533,,0.01454667,186.5,N/A
6.212831,0.1077533,,0.01454667,186.5,N/A
6.232968,0.1077533,,0.01454667,186.5,N/A
6.252804,0.1077533,,0.01454667,186.5,N/A
6.27136,0.1077533,4,0.01454667,186.5,N/A
6.292377,0.1077533,4,0.01454667,186.5,N/A
6.312375,0.1077533,4,0.01454667,186.5,N/A
6.333335,0.1077533,4,0.01454667,186.5,N/A
6.352232,0.09956933,4,0.02273067,177.171,N/A
6.373347,0.09956933,4,0.02273067,177.171,N/A
6.392834,0.09956933,4,0.02273067,177.171,N/A
6.413373,0.09956933,4,0.02273067,177.171,N/A
6.432799,0.09956933,4,0.02273067,177.171,N/A
6.45328,0.1077533,.4,0.01454667,186.5,N/A
6.472835,0.1077533,.4,0.01454667,186.5,N/A
6.492353,0.1077533,.4,0.01454667,186.5,N/A
6.512289,0.1077533,.4,0.01454667,186.5,N/A
6.533075,0.1077533,.4,0.01454667,186.5,N/A
6.552369,0.1077533,.4,0.01454667,186.5,N/A
6.572328,0.1077533,.4,0.01454667,186.5,N/A
6.592886,0.1077533,.4,0.01454667,186.5,N/A
6.612971,0.1077533,.4,0.01454667,186.5,N/A
6.632399,0.1077533,,0.01454667,186.5,N/A
6.651379,0.1077533,,0.01454667,186.5,N/A
6.672414,0.1077533,,0.01454667,186.5,N/A
6.693315,0.1077533,,0.01454667,186.5,N/A
6.711886,0.1077533,,0.01454667,186.5,N/A
6.732786,0.1077533,,0.01454667,186.5,N/A
6.752785,0.1077533,,0.01454667,186.5,N/A
6.772335,0.1077533,,0.01454667,186.5,N/A
6.792451,0.1077533,,0.01454667,186.5,N/A
6.812791,0.09956933,4,0.02273067,177.171,N/A
6.832331,0.09956933,4,0.02273067,177.171,N/A
6.85337,0.09956933,4,0.02273067,177.171,N/A
6.873322,0.09956933,4,0.02273067,177.171,N/A
6.891434,0.09956933,4,0.02273067,177.171,N/A
6.913072,0.1077533,.4,0.01454667,186.5,N/A
6.933398,0.1077533,.4,0.01454667,186.5,N/A
6.952928,0.1077533,.4,0.01454667,186.5,N/A
6.97282,0.1077533,.4,0.01454667,186.5,N/A
6.993334,0.1077533,.4,0.01454667,186.5,N/A
7.012317,0.1077533,.4,0.01454667,186.5,N/A
7.033334,0.1077533,.4,0.01454667,186.5,N/A
7.052868,0.1077533,.4,0.01454667,186.5,N/A
7.071938,0.1077533,.4,0.01454667,186.5,N/A
7.092587,0.1077533,,0.01454667,186.5,N/A
7.113081,0.1077533,,0.01454667,186.5,N/A
7.133353,0.1077533,,0.01454667,186.5,N/A
7.153334,0.1077533,,0.01454667,186.5,N/A
7.173014,0.1077533,,0.01454667,186.5,N/A
7.193125,0.1077533,,0.01454667,186.5,N/A
7.211339,0.1077533,,0.01454667,186.5,N/A
7.231297,0.1077533,,0.01454667,186.5,N/A
7.253328,0.1077533,,0.01454667,186.5,N/A
7.27307,0.09956933,4,0.02273067,177.171,N/A
7.292986,0.09956933,4,0.02273067,177.171,N/A
7.313396,0.09956933,4,0.02273067,177.171,N/A
7.332308,0.09956933,4,0.02273067,177.171,N/A
7.352814,0.09956933,.4,0.02273067,177.171,N/A
7.372047,0.09956933,.4,0.02273067,177.171,N/A
7.392827,0.09956933,.4,0.02273067,177.171,N/A
7.412308,0.09956933,.4,0.02273067,177.171,N/A
7.432474,0.09956933,.4,0.02273067,177.171,N/A
7.452822,0.09956933,.4,0.02273067,177.171,N/A
7.471486,0.09956933,.4,0.02273067,177.171,N/A
7.492814,0.09956933,.4,0.02273067,177.171,N/A
7.512377,0.09956933,.4,0.02273067,177.171,N/A
7.531588,0.09956933,.4,0.02273067,177.171,N/A
7.552844,0.09956933,.4,0.02273067,177.171,N/A
7.572537,0.09956933,.4,0.02273067,177.171,N/A
7.593292,0.09956933,.4,0.02273067,177.171,N/A
7.612794,0.09956933,.4,0.02273067,177.171,N/A
7.632324,0.09956933,,0.02273067,177.171,N/A
7.6533,0.09956933,,0.02273067,177.171,N/A
7.673323,0.09956933,,0.02273067,177.171,N/A
7.693369,0.09956933,,0.02273067,177.171,N/A
7.712976,0.09956933,,0.02273067,177.171,N/A
7.73231,0.09956933,4,0.02273067,177.171,N/A
7.75281,0.09956933,4,0.02273067,177.171,N/A
7.772804,0.09956933,4,0.02273067,177.171,N/A
7.793053,0.09956933,4,0.02273067,177.171,N/A
7.813322,0.1077533,.4,0.01454667,186.5,N/A
7.832845,0.1077533,.4,0.01454667,186.5,N/A
7.852979,0.1077533,.4,0.01454667,186.5,N/A
7.873423,0.1077533,.4,0.01454667,186.5,N/A
7.893022,0.1077533,.4,0.01454667,186.5,N/A
7.913054,0.1077533,.4,0.01454667,186.5,N/A
7.932318,0.1077533,.4,0.01454667,186.5,N/A
7.952826,0.1077533,.4,0.01454667,186.5,N/A
7.97234,0.1077533,.4,0.01454667,186.5,N/A
7.992368,0.1077533,.4,0.01454667,186.5,N/A
8.012335,0.1077533,.4,0.01454667,186.5,N/A
8.031839,0.1077533,.4,0.01454667,186.5,N/A
8.052845,0.1077533,.4,0.01454667,186.5,N/A
8.073331,0.1077533,.4,0.01454667,186.5,N/A
8.093345,0.1077533,,0.01454667,186.5,N/A
8.112953,0.1077533,,0.01454667,186.5,N/A
8.133319,0.1077533,,0.01454667,186.5,N/A
8.153304,0.1077533,,0.01454667,186.5,N/A
8.173338,0.1077533,4,0.01454667,186.5,N/A
8.192315,0.1077533,4,0.01454667,186.5,N/A
8.213303,0.1077533,4,0.01454667,186.5,N/A
8.232369,0.1077533,4,0.01454667,186.5,N/A
8.252304,0.1077533,4,0.01454667,186.5,N/A
8.272316,0.1123,.4,0.01,191.0953,N/A
8.291794,0.1123,.4,0.01,191.0953,N/A
8.31333,0.1123,.4,0.01,191.0953,N/A
8.332831,0.0425,.4,0.01,176.4706,N/A
8.352484,0.0425,.4,0.01,176.4706,N/A
8.372828,0.0425,.4,0.01,176.4706,N/A
8.392811,0.0425,.4,0.01,176.4706,N/A
8.413448,0.0425,.4,0.01,176.4706,N/A
8.433349,0.0425,.4,0.01,176.4706,N/A
8.453464,0.0425,.4,0.01,176.4706,N/A
8.472405,0.0425,.4,0.01,176.4706,N/A
8.492859,0.0425,.4,0.01,176.4706,N/A
8.512836,0.0425,.4,0.01,176.4706,N/A
8.532813,0.0425,.4,0.01,176.4706,N/A
8.552827,0.0425,,0.01,176.4706,N/A
8.572839,0.0425,,0.01,176.4706,N/A
8.593314,0.0425,,0.01,176.4706,N/A
8.612856,0.0425,,0.01,176.4706,N/A
8.63282,0.0425,4,0.01,176.4706,N/A
8.652798,0.0425,4,0.01,176.4706,N/A
8.673357,0.0425,4,0.01,176.4706,N/A
8.693434,0.0425,4,0.01,176.4706,N/A
8.711862,0.0425,4,0.01,176.4706,N/A
8.732322,0.0425,4,0.01454667,165.7725,N/A
8.752964,0.0425,4,0.01454667,165.7725,N/A
8.773354,0.0425,4,0.01454667,165.7725,N/A
8.793367,0.0425,4,0.01454667,165.7725,N/A
8.813355,0.0425,.4,0.01,176.4706,N/A
8.832361,0.0425,.4,0.01,176.4706,N/A
8.852792,0.0425,.4,0.01,176.4706,N/A
8.872614,0.0425,.4,0.01,176.4706,N/A
8.892328,0.0425,.4,0.01,176.4706,N/A
8.91347,0.0425,.4,0.01,176.4706,N/A
8.93252,0.0425,.4,0.01,176.4706,N/A
8.952868,0.0425,.4,0.01,176.4706,N/A
8.973042,0.0425,.4,0.01,176.4706,N/A
8.992978,0.0425,,0.01,176.4706,N/A
9.012308,0.0425,,0.01,176.4706,N/A
9.032859,0.0425,,0.01,176.4706,N/A
9.052304,0.0425,,0.01,176.4706,N/A
9.072338,0.0425,,0.01,176.4706,N/A
9.093306,0.0425,,0.01,176.4706,N/A
9.113351,0.0425,,0.01,176.4706,N/A
9.132873,0.0425,,0.01,176.4706,N/A
9.152856,0.0425,,0.01,176.4706,N/A
9.172873,0.0425,4,0.01454667,165.7725,N/A
9.193316,0.0425,4,0.01454667,165.7725,N/A
9.212338,0.04249999,4,0.01454667,165.7725,N/A
9.232785,0.04249999,4,0.01454667,165.7725,N/A
9.253288,0.0425,4,0.01454667,165.7725,N/A
9.272491,0.0425,.4,0.01,176.4706,N/A
9.292898,0.0425,.4,0.01,176.4706,N/A
9.313351,0.0425,.4,0.01,176.4706,N/A
9.33232,0.0425,.4,0.01,176.4706,N/A
9.352899,0.0425,.4,0.01,176.4706,N/A
9.372825,0.0425,.4,0.01,176.4706,N/A
9.392969,0.0425,.4,0.01,176.4706,N/A
9.412825,0.0425,.4,0.01,176.4706,N/A
9.432375,0.0425,.4,0.01,176.4706,N/A
9.452351,0.0425,,0.01,176.4706,N/A
9.47297,0.0425,,0.01,176.4706,N/A
9.49282,0.0425,,0.01,176.4706,N/A
9.512829,0.0425,,0.01,176.4706,N/A
9.532853,0.0425,,0.01,176.4706,N/A
9.552986,0.0425,,0.01,176.4706,N/A
9.572537,0.0425,,0.01,176.4706,N/A
9.59241,0.0425,,0.01,176.4706,N/A
9.612825,0.0425,,0.01,176.4706,N/A
9.632456,0.1077533,4,0.01454666,186.5,N/A
9.652792,0.1077533,4,0.01454666,186.5,N/A
9.67281,0.1077533,4,0.01454666,186.5,N/A
9.693069,0.1077533,4,0.01454666,186.5,N/A
9.713355,0.1079807,.3,0.01431933,186.739,N/A
9.732827,0.1079807,.3,0.01431933,186.739,N/A
9.75187,0.1079807,.3,0.01431933,186.739,N/A
9.772324,0.1079807,.3,0.01431933,186.739,N/A
9.792964,0.1079807,.3,0.01431933,186.739,N/A
9.81299,0.1079807,.3,0.01431933,186.739,N/A
9.832362,0.1079807,.3,0.01431933,186.739,N/A
9.852306,0.1079807,.3,0.01431933,186.739,N/A
9.872322,0.1079807,.3,0.01431933,186.739,N/A
9.892097,0.1079807,.3,0.01431933,186.739,N/A
9.912317,0.1079807,.3,0.01431933,186.739,N/A
9.932326,0.1079807,.3,0.01431933,186.739,N/A
9.952398,0.1079807,.3,0.01431933,186.739,N/A
9.971555,0.1079807,.3,0.01431933,186.739,N/A
9.993073,0.1079807,,0.01431933,186.739,N/A
10.01186,0.1079807,,0.01431933,186.739,N/A
10.0328,0.1079807,,0.01431933,186.739,N/A
10.05332,0.1079807,,0.01431933,186.739,N/A
10.07243,0.1079807,,0.01431933,186.739,N/A
10.09285,0.1079807,4,0.01431933,186.739,N/A
10.11338,0.1079807,4,0.01431933,186.739,N/A
10.1325,0.1079807,4,0.01431933,186.739,N/A
10.15284,0.1079807,4,0.01431933,186.739,N/A
10.17247,0.1079807,.4,0.01431933,186.739,N/A
10.1925,0.1079807,.4,0.01431933,186.739,N/A
10.21231,0.1079807,.4,0.01431933,186.739,N/A
10.23283,0.1079807,.4,0.01431933,186.739,N/A
10.25236,0.1079807,.4,0.01431933,186.739,N/A
10.27253,0.1079807,.4,0.01431933,186.739,N/A
10.29232,0.1079807,.4,0.01431933,186.739,N/A
10.31285,0.1079807,.4,0.01431933,186.739,N/A
10.33233,0.1079807,.4,0.01431933,186.739,N/A
10.35242,0.1079807,.4,0.01431933,186.739,N/A
10.37336,0.1079807,.4,0.01431933,186.739,N/A
10.39333,0.1079807,.4,0.01431933,186.739,N/A
10.41235,0.1079807,.4,0.01431933,186.739,N/A
10.43238,0.1079807,.4,0.01431933,186.739,N/A
10.45346,0.1079807,,0.01431933,186.739,N/A
10.47283,0.1079807,,0.01431933,186.739,N/A
10.4928,0.02791636,,0.01431933,148.7063,N/A
10.51229,0.035,,0.01431933,159.0876,N/A
10.53234,0.03500001,4,0.01431933,159.0876,N/A
10.5528,0.03500001,4,0.01431933,159.0876,N/A
10.57338,0.035,4,0.01431933,159.0876,N/A
10.59279,0.03500001,4,0.01431933,159.0876,N/A
10.61246,0.03500001,4,0.01431933,159.0876,N/A
10.63286,0.035,.4,0.01,171.4286,N/A
10.65235,0.035,.4,0.01,171.4286,N/A
10.67283,0.035,.4,0.01,171.4286,N/A
10.69246,0.035,.4,0.01,171.4286,N/A
10.71318,0.035,.4,0.01,171.4286,N/A
10.73185,0.035,.4,0.01,171.4286,N/A
10.75232,0.035,.4,0.01,171.4286,N/A
10.77305,0.035,.4,0.01,171.4286,N/A
10.79289,0.035,.4,0.01,171.4286,N/A
10.81181,0.035,.4,0.01,171.4286,N/A
10.83332,0.035,.4,0.01,171.4286,N/A
10.85235,0.035,.4,0.01,171.4286,N/A
10.87235,0.035,.4,0.01,171.4286,N/A
10.89208,0.035,.4,0.01,171.4286,N/A
10.91282,0.035,,0.01,171.4286,N/A
10.93231,0.035,,0.01,171.4286,N/A
10.95334,0.035,,0.01,171.4286,N/A
10.97283,0.035,,0.01,171.4286,N/A
10.99283,0.035,4,0.01,171.4286,N/A
11.01234,0.035,4,0.01,171.4286,N/A
11.03335,0.035,4,0.01,171.4286,N/A
11.05234,0.035,4,0.01,171.4286,N/A
11.07336,0.035,4,0.01,171.4286,N/A
11.09245,0.03500001,4,0.01431933,159.0876,N/A
11.11253,0.03500001,4,0.01431933,159.0876,N/A
11.13247,0.035,4,0.01431933,159.0876,N/A
11.15282,0.03500001,4,0.01431933,159.0876,N/A
11.17343,0.035,.4,0.01,171.4286,N/A
11.19239,0.035,.4,0.01,171.4286,N/A
11.21183,0.035,.4,0.01,171.4286,N/A
11.23279,0.035,.4,0.01,171.4286,N/A
11.25249,0.035,.4,0.01,171.4286,N/A
11.27281,0.035,.4,0.01,171.4286,N/A
11.29293,0.035,.4,0.01,171.4286,N/A
11.31332,0.035,.4,0.01,171.4286,N/A
11.33283,0.035,.4,0.01,171.4286,N/A
11.3528,0.035,,0.01,171.4286,N/A
11.37281,0.035,,0.01,171.4286,N/A
11.39235,0.035,,0.01,171.4286,N/A
11.41196,0.035,,0.01,171.4286,N/A
11.43242,0.035,,0.01,171.4286,N/A
11.45193,0.035,,0.01,171.4286,N/A
11.47184,0.035,,0.01,171.4286,N/A
11.49234,0.035,,0.01,171.4286,N/A
11.51239,0.035,,0.01,171.4286,N/A
11.53288,0.035,4,0.01454667,158.4381,N/A
11.55347,0.035,4,0.01454667,158.4381,N/A
11.57283,0.035,4,0.01454667,158.4381,N/A
11.59336,0.035,4,0.01454667,158.4381,N/A
11.6124,0.035,4,0.01454667,158.4381,N/A
11.63292,0.035,.4,0.01,171.4286,N/A
11.6524,0.035,.4,0.01,171.4286,N/A
11.67246,0.035,.4,0.01,171.4286,N/A
11.69342,0.035,.4,0.01,171.4286,N/A
11.71181,0.035,.4,0.01,171.4286,N/A
11.7323,0.035,.4,0.01,171.4286,N/A
11.75232,0.0525,.4,0.01,180.9524,N/A
11.7723,0.0525,.4,0.01,180.9524,N/A
11.79185,0.0525,.4,0.01,180.9524,N/A
11.81179,0.0525,,0.01,180.9524,N/A
11.83341,0.0525,,0.01,180.9524,N/A
11.85334,0.0525,,0.01,180.9524,N/A
11.87284,0.0525,,0.01,180.9524,N/A
11.89287,0.0525,,0.01,180.9524,N/A
11.91185,0.0525,,0.01,180.9524,N/A
11.93282,0.0525,,0.01,180.9524,N/A
11.95236,0.0525,,0.01,180.9524,N/A
11.97232,0.0525,,0.01,180.9524,N/A
11.9919,0.0525,3,0.01227333,176.6222,N/A
12.01194,0.05249999,3,0.01227333,176.6222,N/A
12.03189,0.0525,3,0.01227333,176.6222,N/A
12.05233,0.0525,3,0.01227333,176.6222,N/A
12.07343,0.0525,3,0.01227333,176.6222,N/A
12.0933,0.0525,.4,0.01227333,176.6222,N/A
12.11246,0.0525,.4,0.01227333,176.6222,N/A
12.13298,0.0525,.4,0.01227333,176.6222,N/A
12.15334,0.0525,.4,0.01227333,176.6222,N/A
12.17344,0.0525,.4,0.01227333,176.6222,N/A
12.19331,0.05249999,.4,0.01227333,176.6222,N/A
12.21344,0.0525,.4,0.01227333,176.6222,N/A
12.23281,0.0525,.4,0.01227333,176.6222,N/A
12.25337,0.0525,.4,0.01227333,176.6222,N/A
12.27348,0.0525,.4,0.01227333,176.6222,N/A
12.29231,0.0525,.4,0.01227333,176.6222,N/A
12.31236,0.0525,.4,0.01227333,176.6222,N/A
12.33285,0.0525,.4,0.01227333,176.6222,N/A
12.35262,0.0525,,0.01227333,176.6222,N/A
12.37233,0.0525,,0.01227333,176.6222,N/A
12.39236,0.0525,,0.01227333,176.6222,N/A
12.41331,0.0525,,0.01227333,176.6222,N/A
12.43295,0.0525,,0.01227333,176.6222,N/A
12.4525,0.0525,4,0.01227333,176.6222,N/A
12.47282,0.0525,4,0.01227333,176.6222,N/A
12.49339,0.0525,4,0.01227333,176.6222,N/A
12.51293,0.0525,4,0.01227333,176.6222,N/A
12.5327,0.0525,.4,0.01227333,176.6222,N/A
12.55231,0.0525,.4,0.01227333,176.6222,N/A
12.5723,0.0525,.4,0.01227333,176.6222,N/A
12.59282,0.0525,.4,0.01227333,176.6222,N/A
12.61182,0.0525,.4,0.01227333,176.6222,N/A
12.63283,0.0525,.4,0.01227333,176.6222,N/A
12.65296,0.0525,.4,0.01227333,176.6222,N/A
12.67344,0.0525,.4,0.01227333,176.6222,N/A
12.69341,0.0525,.4,0.01227333,176.6222,N/A
12.71343,0.0525,.4,0.01227333,176.6222,N/A
12.7328,0.0525,.4,0.01227333,176.6222,N/A
12.75243,0.1100267,.4,0.01227333,188.8451,N/A
12.77182,0.1100267,.4,0.01227333,188.8451,N/A
12.79305,0.1100267,.4,0.01227333,188.8451,N/A
12.81329,0.1100267,,0.01227333,188.8451,N/A
12.83229,0.1100267,,0.01227333,188.8451,N/A
12.85179,0.1100267,,0.01227333,188.8451,N/A
12.87347,0.1100267,,0.01227333,188.8451,N/A
12.89334,0.1100267,,0.01227333,188.8451,N/A
12.91239,0.1018427,4,0.02045733,179.9128,N/A
12.93287,0.1018427,4,0.02045733,179.9128,N/A
12.95234,0.1018427,4,0.02045733,179.9128,N/A
12.97333,0.1018427,4,0.02045733,179.9128,N/A
12.99236,0.1100267,.4,0.01227333,188.8451,N/A
13.01233,0.1100267,.4,0.01227333,188.8451,N/A
13.03235,0.1100267,.4,0.01227333,188.8451,N/A
13.05287,0.1100267,.4,0.01227333,188.8451,N/A
13.07229,0.1100267,.4,0.01227333,188.8451,N/A
13.09282,0.1123,.4,0.01,191.0953,N/A
13.11231,0.1123,.4,0.01,191.0953,N/A
13.13331,0.1123,.4,0.01,191.0953,N/A
13.15283,0.1123,.4,0.01,191.0953,N/A
13.17304,0.1123,.4,0.01,191.0953,N/A
13.19348,0.1123,.4,0.01,191.0953,N/A
13.21232,0.1123,.4,0.01,191.0953,N/A
13.23285,0.1123,.4,0.01,191.0953,N/A
13.25343,0.1123,.4,0.01,191.0953,N/A
13.27234,0.1123,,0.01,191.0953,N/A
13.29285,0.1123,,0.01,191.0953,N/A
13.31337,0.1123,,0.01,191.0953,N/A
13.33249,0.1123,,0.01,191.0953,N/A
13.35216,0.1100267,4,0.01227333,188.8451,N/A
13.37244,0.1100267,4,0.01227333,188.8451,N/A
13.39332,0.1100267,4,0.01227333,188.8451,N/A
13.41233,0.1100267,4,0.01227333,188.8451,N/A
13.43333,0.1100267,4,0.01227333,188.8451,N/A
13.45231,0.1100267,4,0.01227333,188.8451,N/A
13.47198,0.1100267,4,0.01227333,188.8451,N/A
13.49288,0.1100267,4,0.01227333,188.8451,N/A
13.51333,0.1100267,4,0.01227333,188.8451,N/A
13.53334,0.1100267,.4,0.01227333,188.8451,N/A
13.55233,0.1100267,.4,0.01227333,188.8451,N/A
13.57347,0.1100267,.4,0.01227333,188.8451,N/A
13.59331,0.1100267,.4,0.01227333,188.8451,N/A
13.61209,0.1100267,.4,0.01227333,188.8451,N/A
13.63331,0.1100267,.4,0.01227333,188.8451,N/A
13.65343,0.1100267,.4,0.01227333,188.8451,N/A
13.67283,0.1100267,.4,0.01227333,188.8451,N/A
13.69282,0.1100267,.4,0.01227333,188.8451,N/A
13.71283,0.1100267,.4,0.01227333,188.8451,N/A
13.73232,0.1100267,,0.01227333,188.8451,N/A
13.75344,0.13,,0.01227333,190.559,N/A
13.77239,0.13,,0.01227333,190.559,N/A
13.79279,0.13,,0.01227333,190.559,N/A
13.81258,0.13,4,0.01454667,188.8103,N/A
13.83237,0.13,4,0.01454667,188.8103,N/A
13.8528,0.13,4,0.01454667,188.8103,N/A
13.87233,0.13,4,0.01454667,188.8103,N/A
13.89278,0.13,4,0.01454667,188.8103,N/A
13.91237,0.13,4,0.02273067,182.5149,N/A
13.93329,0.13,4,0.02273067,182.5149,N/A
13.95231,0.13,4,0.02273067,182.5149,N/A
13.97234,0.13,4,0.02273067,182.5149,N/A
13.99283,0.13,.4,0.01454667,188.8103,N/A
14.01231,0.13,.4,0.01454667,188.8103,N/A
14.03231,0.13,.4,0.01454667,188.8103,N/A
14.05334,0.13,.4,0.01454667,188.8103,N/A
14.07333,0.13,.4,0.01454667,188.8103,N/A
14.09333,0.13,.4,0.01454667,188.8103,N/A
14.11245,0.13,.4,0.01454667,188.8103,N/A
14.13282,0.13,.4,0.01454667,188.8103,N/A
14.15339,0.13,.4,0.01454667,188.8103,N/A
14.17239,0.13,,0.01454667,188.8103,N/A
14.1923,0.13,,0.01454667,188.8103,N/A
14.21348,0.13,,0.01454667,188.8103,N/A
14.23285,0.13,,0.01454667,188.8103,N/A
14.25332,0.13,,0.01454667,188.8103,N/A
14.27333,0.13,,0.01454667,188.8103,N/A
14.29281,0.13,,0.01454667,188.8103,N/A
14.31187,0.13,,0.01454667,188.8103,N/A
14.33232,0.13,,0.01454667,188.8103,N/A
14.35235,0.13,4,0.02273067,182.5149,N/A
14.37185,0.13,4,0.02273067,182.5149,N/A
14.39332,0.13,4,0.02273067,182.5149,N/A
14.41332,0.13,4,0.02273067,182.5149,N/A
14.43284,0.13,4,0.02273067,182.5149,N/A
14.45232,0.13,.4,0.01454667,188.8103,N/A
14.47289,0.13,.4,0.01454667,188.8103,N/A
14.49233,0.13,.4,0.01454667,188.8103,N/A
14.51197,0.13,.4,0.01454667,188.8103,N/A
14.53251,0.13,.4,0.01454667,188.8103,N/A
14.55235,0.13,.4,0.01454667,188.8103,N/A
14.57232,0.13,.4,0.01454667,188.8103,N/A
14.59332,0.13,.4,0.01454667,188.8103,N/A
14.61234,0.13,.4,0.01454667,188.8103,N/A
14.63193,0.13,,0.01454667,188.8103,N/A
14.65291,0.13,,0.01454667,188.8103,N/A
14.67283,0.13,,0.01454667,188.8103,N/A
14.69249,0.13,,0.01454667,188.8103,N/A
14.71241,0.13,,0.01454667,188.8103,N/A
14.73336,0.13,,0.01454667,188.8103,N/A
14.75285,0.13,,0.01454667,188.8103,N/A
14.77235,0.13,,0.01454667,188.8103,N/A
14.79302,0.13,,0.01454667,188.8103,N/A
14.81233,0.13,4,0.02273067,182.5149,N/A
14.83242,0.13,4,0.02273067,182.5149,N/A
14.85281,0.13,4,0.02273067,182.5149,N/A
14.87283,0.13,4,0.02273067,182.5149,N/A
14.89174,0.13,4,0.02273067,182.5149,N/A
14.91241,0.13,.4,0.02273067,182.5149,N/A
14.93282,0.13,.4,0.02273067,182.5149,N/A
14.95285,0.13,.4,0.02273067,182.5149,N/A
14.97287,0.13,.4,0.02273067,182.5149,N/A
14.99207,0.13,.4,0.02273067,182.5149,N/A
15.01286,0.13,.4,0.02273067,182.5149,N/A
15.03293,0.13,.4,0.02273067,182.5149,N/A
15.05233,0.13,.4,0.02273067,182.5149,N/A
15.07284,0.13,.4,0.02273067,182.5149,N/A
15.09234,0.13,.4,0.02273067,182.5149,N/A
15.11297,0.13,.4,0.02273067,182.5149,N/A
15.13285,0.13,.4,0.02273067,182.5149,N/A
15.15232,0.13,.4,0.02273067,182.5149,N/A
15.17255,0.13,,0.02273067,182.5149,N/A
15.19291,0.13,,0.02273067,182.5149,N/A
15.21232,0.13,,0.02273067,182.5149,N/A
15.23284,0.13,,0.02273067,182.5149,N/A
15.25333,0.13,,0.02273067,182.5149,N/A
15.2725,0.13,4,0.02273067,182.5149,N/A
15.29334,0.13,4,0.02273067,182.5149,N/A
15.31193,0.13,4,0.02273067,182.5149,N/A
15.33243,0.13,4,0.02273067,182.5149,N/A
15.35069,0.13,.4,0.01454667,188.8103,N/A
15.37284,0.13,.4,0.01454667,188.8103,N/A
15.39236,0.13,.4,0.01454667,188.8103,N/A
15.41285,0.13,.4,0.01454667,188.8103,N/A
15.43234,0.13,.4,0.01454667,188.8103,N/A
15.45331,0.13,.4,0.01454667,188.8103,N/A
15.47278,0.13,.4,0.01454667,188.8103,N/A
15.49232,0.13,.4,0.01454667,188.8103,N/A
15.51332,0.13,.4,0.01454667,188.8103,N/A
15.53335,0.13,.4,0.01454667,188.8103,N/A
15.55184,0.13,.4,0.01454667,188.8103,N/A
15.57287,0.13,.4,0.01454667,188.8103,N/A
15.59334,0.13,.4,0.01454667,188.8103,N/A
15.61333,0.13,.4,0.01454667,188.8103,N/A
15.63188,0.13,,0.01454667,188.8103,N/A
15.65343,0.13,,0.01454667,188.8103,N/A
15.67301,0.13,,0.01454667,188.8103,N/A
15.69112,0.13,,0.01454667,188.8103,N/A
15.71336,0.13,4,0.02273067,182.5149,N/A
15.73184,0.13,4,0.02273067,182.5149,N/A
15.75237,0.13,4,0.02273067,182.5149,N/A
15.77183,0.13,4,0.02273067,182.5149,N/A
15.79254,0.13,4,0.02273067,182.5149,N/A
15.81229,0.13,.4,0.01454667,188.8103,N/A
15.83231,0.13,.4,0.01454667,188.8103,N/A
15.85281,0.13,.4,0.01454667,188.8103,N/A
15.87332,0.13,.4,0.01454667,188.8103,N/A
15.8924,0.13,.4,0.01454667,188.8103,N/A
15.91345,0.13,.4,0.01,192.3077,N/A
15.93241,0.13,.4,0.01,192.3077,N/A
15.95349,0.13,.4,0.01,192.3077,N/A
15.97287,0.13,.4,0.01,192.3077,N/A
15.99247,0.13,.4,0.01,192.3077,N/A
16.01311,0.13,.4,0.01,192.3077,N/A
16.03233,0.13,.4,0.01,192.3077,N/A
16.05336,0.13,.4,0.01,192.3077,N/A
16.07258,0.13,.4,0.01,192.3077,N/A
16.09222,0.13,,0.01,192.3077,N/A
16.11283,0.13,,0.01,192.3077,N/A
16.13338,0.13,,0.01,192.3077,N/A
16.15331,0.13,,0.01,192.3077,N/A
16.17283,0.13,4,0.01454667,188.8103,N/A
16.19242,0.13,4,0.01454667,188.8103,N/A
16.21297,0.13,4,0.01454667,188.8103,N/A
16.23299,0.13,4,0.01454667,188.8103,N/A
16.25333,0.13,4,0.01454667,188.8103,N/A
16.27237,0.13,.4,0.01,192.3077,N/A
16.29289,0.13,.4,0.01,192.3077,N/A
16.31283,0.13,.4,0.01,192.3077,N/A
16.33332,0.13,.4,0.01,192.3077,N/A
16.35242,0.13,.4,0.01,192.3077,N/A
16.37331,0.13,.4,0.01,192.3077,N/A
16.39284,0.13,.4,0.01,192.3077,N/A
16.4124,0.13,.4,0.01,192.3077,N/A
16.43236,0.13,.4,0.01,192.3077,N/A
16.45282,0.13,.4,0.01,192.3077,N/A
16.47339,0.13,.4,0.01,192.3077,N/A
16.49235,0.13,.4,0.01,192.3077,N/A
16.51283,0.1123,.4,0.01,191.0953,N/A
16.53285,0.1123,,0.01,191.0953,N/A
16.55241,0.1123,,0.01,191.0953,N/A
16.57332,0.1123,,0.01,191.0953,N/A
16.59332,0.1123,,0.01,191.0953,N/A
16.61247,0.1123,,0.01,191.0953,N/A
16.63335,0.1123,4,0.01,191.0953,N/A
16.65187,0.1123,4,0.01,191.0953,N/A
16.67283,0.1123,4,0.01,191.0953,N/A
16.69304,0.1123,4,0.01,191.0953,N/A
16.71235,0.1123,4,0.01,191.0953,N/A
16.73335,0.1077533,4,0.01454667,186.5,N/A
16.75296,0.1077533,4,0.01454667,186.5,N/A
16.77283,0.1077533,4,0.01454667,186.5,N/A
16.79285,0.1077533,4,0.01454667,186.5,N/A
16.81285,0.1123,.4,0.01,191.0953,N/A
16.83284,0.1123,.4,0.01,191.0953,N/A
16.85334,0.1123,.4,0.01,191.0953,N/A
16.8724,0.1123,.4,0.01,191.0953,N/A
16.89334,0.1123,.4,0.01,191.0953,N/A
16.91289,0.1123,.4,0.01,191.0953,N/A
16.93237,0.1123,.4,0.01,191.0953,N/A
16.95339,0.1123,.4,0.01,191.0953,N/A
16.9724,0.1123,.4,0.01,191.0953,N/A
16.99245,0.1123,,0.01,191.0953,N/A
17.01183,0.1123,,0.01,191.0953,N/A
17.03348,0.1123,,0.01,191.0953,N/A
17.05283,0.1123,,0.01,191.0953,N/A
17.07236,0.1123,,0.01,191.0953,N/A
17.09334,0.1123,,0.01,191.0953,N/A
17.11293,0.1123,,0.01,191.0953,N/A
17.13244,0.1123,,0.01,191.0953,N/A
17.15242,0.1123,,0.01,191.0953,N/A
17.17283,0.1077533,4,0.01454667,186.5,N/A
17.1924,0.1077533,4,0.01454667,186.5,N/A
17.21234,0.1077533,4,0.01454667,186.5,N/A
17.23297,0.1077533,4,0.01454667,186.5,N/A
17.25334,0.1077533,4,0.01454667,186.5,N/A
17.27251,0.1123,.4,0.01,191.0953,N/A
17.29334,0.1123,.4,0.01,191.0953,N/A
17.31236,0.1123,.4,0.01,191.0953,N/A
17.33236,0.1123,.4,0.01,191.0953,N/A
17.35198,0.1123,.4,0.01,191.0953,N/A
17.37287,0.1123,.4,0.01,191.0953,N/A
17.39288,0.1123,.4,0.01,191.0953,N/A
17.41287,0.1123,.4,0.01,191.0953,N/A
17.43284,0.1123,.4,0.01,191.0953,N/A
17.45287,0.1123,,0.01,191.0953,N/A
17.47301,0.1123,,0.01,191.0953,N/A
17.49298,0.1123,,0.01,191.0953,N/A
17.5125,0.1123,,0.01,191.0953,N/A
17.53286,0.1123,,0.01,191.0953,N/A
17.55334,0.1123,,0.01,191.0953,N/A
17.57235,0.1123,,0.01,191.0953,N/A
17.59286,0.1123,,0.01,191.0953,N/A
17.61334,0.1123,,0.01,191.0953,N/A
17.63235,0.1077533,4,0.01454666,186.5,N/A
17.65296,0.1077533,4,0.01454666,186.5,N/A
17.67336,0.1077533,4,0.01454666,186.5,N/A
17.69188,0.1077533,4,0.01454666,186.5,N/A
17.71188,0.1077533,.4,0.01454667,186.5,N/A
17.73296,0.1077533,.4,0.01454667,186.5,N/A
17.75336,0.1077533,.4,0.01454667,186.5,N/A
17.77294,0.1077533,.4,0.01454667,186.5,N/A
17.79158,0.1077533,.4,0.01454667,186.5,N/A
17.81214,0.1077533,.4,0.01454667,186.5,N/A
17.83268,0.1077533,.4,0.01454667,186.5,N/A
17.85316,0.1077533,.4,0.01454667,186.5,N/A
17.87285,0.1077533,.4,0.01454667,186.5,N/A
17.89167,0.1077533,.4,0.01454667,186.5,N/A
17.91221,0.1077533,.4,0.01454667,186.5,N/A
17.93215,0.1077533,.4,0.01454667,186.5,N/A
17.95267,0.1077533,.4,0.01454667,186.5,N/A
17.97334,0.1077533,.4,0.01454667,186.5,N/A
17.99273,0.1077533,,0.01454667,186.5,N/A
18.01221,0.1077533,,0.01454667,186.5,N/A
18.03282,0.1077533,,0.01454667,186.5,N/A
18.0532,0.1077533,,0.01454667,186.5,N/A
18.07218,0.1077533,,0.01454667,186.5,N/A
18.0928,0.1077533,4,0.01454667,186.5,N/A
18.1122,0.1077533,4,0.01454667,186.5,N/A
18.1332,0.1077533,4,0.01454667,186.5,N/A
18.15176,0.1077533,4,0.01454667,186.5,N/A
18.1727,0.1077533,.4,0.01454667,186.5,N/A
18.19329,0.1077533,.4,0.01454667,186.5,N/A
18.21224,0.1077533,.4,0.01454667,186.5,N/A
18.23321,0.1077533,.4,0.01454667,186.5,N/A
18.25283,0.1077533,.4,0.01454667,186.5,N/A
18.27325,0.1077533,.4,0.01454667,186.5,N/A
18.29323,0.1077533,.4,0.01454667,186.5,N/A
18.31186,0.1077533,.4,0.01454667,186.5,N/A
18.33224,0.1077533,.4,0.01454667,186.5,N/A
18.35226,0.1077533,.4,0.01454667,186.5,N/A
18.37226,0.1077533,.4,0.01454667,186.5,N/A
18.39256,0.1077533,.4,0.01454667,186.5,N/A
18.41246,0.1077533,.4,0.01454667,186.5,N/A
18.43231,0.1077533,.4,0.01454667,186.5,N/A
18.45226,0.1077533,,0.01454667,186.5,N/A
18.47245,0.1077533,,0.01454667,186.5,N/A
18.49243,0.1077533,,0.01454667,186.5,N/A
18.51326,0.1077533,,0.01454667,186.5,N/A
18.53265,0.09956933,4,0.02273067,177.171,N/A
18.55326,0.09956933,4,0.02273067,177.171,N/A
18.57278,0.09956933,4,0.02273067,177.171,N/A
18.59255,0.09956933,4,0.02273067,177.171,N/A
18.61235,0.09956933,4,0.02273067,177.171,N/A
18.63236,0.1077533,.4,0.01454667,186.5,N/A
18.65237,0.1077533,.4,0.01454667,186.5,N/A
18.67228,0.1077533,.4,0.01454667,186.5,N/A
18.69228,0.1077533,.4,0.01454667,186.5,N/A
18.71307,0.1123,.4,0.01,191.0953,N/A
18.73328,0.1123,.4,0.01,191.0953,N/A
18.75212,0.1123,.4,0.01,191.0953,N/A
18.77283,0.1123,.4,0.01,191.0953,N/A
18.79235,0.1123,.4,0.01,191.0953,N/A
18.81301,0.1123,.4,0.01,191.0953,N/A
18.8328,0.1123,.4,0.01,191.0953,N/A
18.85333,0.1123,.4,0.01,191.0953,N/A
18.87285,0.1123,.4,0.01,191.0953,N/A
18.89232,0.1123,.4,0.01,191.0953,N/A
18.91292,0.1123,,0.01,191.0953,N/A
18.93333,0.1123,,0.01,191.0953,N/A
18.95288,0.1123,,0.01,191.0953,N/A
18.97234,0.1123,,0.01,191.0953,N/A
18.99236,0.1077533,4,0.01454667,186.5,N/A
19.01236,0.1077533,4,0.01454667,186.5,N/A
19.0334,0.1077533,4,0.01454667,186.5,N/A
19.05249,0.1077533,4,0.01454667,186.5,N/A
19.07351,0.1077533,4,0.01454667,186.5,N/A
19.09147,0.1077533,4,0.01454667,186.5,N/A
19.11235,0.1077533,4,0.01454667,186.5,N/A
19.13291,0.1077533,4,0.01454667,186.5,N/A
19.15291,0.1077533,4,0.01454667,186.5,N/A
19.17236,0.1077533,.4,0.01454667,186.5,N/A
19.19256,0.1077533,.4,0.01454667,186.5,N/A
19.21286,0.1077533,.4,0.01454667,186.5,N/A
19.23232,0.1077533,.4,0.01454667,186.5,N/A
19.25332,0.1077533,.4,0.01454667,186.5,N/A
19.27235,0.1077533,.4,0.01454667,186.5,N/A
19.29244,0.1077533,.4,0.01454667,186.5,N/A
19.31236,0.1077533,.4,0.01454667,186.5,N/A
19.33292,0.1077533,.4,0.01454667,186.5,N/A
19.35214,0.1077533,,0.01454667,186.5,N/A
19.37335,0.1077533,,0.01454667,186.5,N/A
19.39284,0.1077533,,0.01454667,186.5,N/A
19.41252,0.1077533,,0.01454667,186.5,N/A
19.43239,0.1077533,,0.01454667,186.5,N/A
19.45285,0.1077533,4,0.01454667,186.5,N/A
19.47345,0.1077533,4,0.01454667,186.5,N/A
19.49141,0.1077533,4,0.01454667,186.5,N/A
19.51286,0.1077533,4,0.01454667,186.5,N/A
19.53334,0.09956933,4,0.02273067,177.171,N/A
19.55335,0.09956933,4,0.02273067,177.171,N/A
19.57333,0.09956933,4,0.02273067,177.171,N/A
19.59237,0.09956933,4,0.02273067,177.171,N/A
19.61335,0.09956933,4,0.02273067,177.171,N/A
19.63286,0.1077533,.4,0.01454667,186.5,N/A
19.65336,0.1077533,.4,0.01454667,186.5,N/A
19.67237,0.1077533,.4,0.01454667,186.5,N/A
19.69311,0.1077533,.4,0.01454667,186.5,N/A
19.71231,0.1077533,.4,0.01454667,186.5,N/A
19.73336,0.1077533,.4,0.01454667,186.5,N/A
19.75335,0.1077533,.4,0.01454667,186.5,N/A
19.77331,0.1077533,.4,0.01454667,186.5,N/A
19.79284,0.1077533,.4,0.01454667,186.5,N/A
19.81333,0.1077533,,0.01454667,186.5,N/A
19.83242,0.1077533,,0.01454667,186.5,N/A
19.85235,0.1077533,,0.01454667,186.5,N/A
19.87284,0.1077533,,0.01454667,186.5,N/A
19.89333,0.1077533,,0.01454667,186.5,N/A
19.9135,0.1077533,,0.01454667,186.5,N/A
19.93346,0.1077533,,0.01454667,186.5,N/A
19.95238,0.1077533,,0.01454667,186.5,N/A
19.97331,0.1077533,,0.01454667,186.5,N/A
19.99295,0.09956933,4,0.02273067,177.171,N/A
20.01333,0.09956933,4,0.02273067,177.171,N/A
20.03234,0.09956933,4,0.02273067,177.171,N/A
20.05284,0.09956933,4,0.02273067,177.171,N/A
20.07253,0.09956933,4,0.02273067,177.171,N/A
20.09286,0.1077533,.4,0.01454667,186.5,N/A
20.11194,0.1077533,.4,0.01454667,186.5,N/A
20.13213,0.1077533,.4,0.01454667,186.5,N/A
20.15285,0.1077533,.4,0.01454667,186.5,N/A
20.17301,0.1077533,.4,0.01454667,186.5,N/A
20.19302,0.1077533,.4,0.01454667,186.5,N/A
20.21202,0.1077533,.4,0.01454667,186.5,N/A
20.23236,0.1077533,.4,0.01454667,186.5,N/A
20.25139,0.1077533,.4,0.01454667,186.5,N/A
20.27248,0.1077533,.4,0.01454667,186.5,N/A
20.29339,0.1077533,.4,0.01454667,186.5,N/A
20.3129,0.1077533,.4,0.01454667,186.5,N/A
20.33239,0.1077533,.4,0.01454667,186.5,N/A
20.35346,0.1077533,,0.01454667,186.5,N/A
20.37292,0.1077533,,0.01454667,186.5,N/A
20.39287,0.1077533,,0.01454667,186.5,N/A
20.41233,0.1077533,,0.01454667,186.5,N/A
20.43347,0.1077533,,0.01454667,186.5,N/A
20.45293,0.09956933,4,0.02273067,177.171,N/A
20.47233,0.09956933,4,0.02273067,177.171,N/A
20.49334,0.09956933,4,0.02273067,177.171,N/A
20.51284,0.09956933,4,0.02273067,177.171,N/A
20.53335,0.09956933,.4,0.02273067,177.171,N/A
20.55286,0.09956933,.4,0.02273067,177.171,N/A
20.57236,0.09956933,.4,0.02273067,177.171,N/A
20.59284,0.09956933,.4,0.02273067,177.171,N/A
20.61335,0.09956933,.4,0.02273067,177.171,N/A
20.6324,0.09956933,.4,0.02273067,177.171,N/A
20.65188,0.09956933,.4,0.02273067,177.171,N/A
20.67183,0.09956933,.4,0.02273067,177.171,N/A
20.69186,0.09956933,.4,0.02273067,177.171,N/A
20.71243,0.09956933,.4,0.02273067,177.171,N/A
20.7321,0.09956933,.4,0.02273067,177.171,N/A
20.75341,0.09956933,.4,0.02273067,177.171,N/A
20.77284,0.09956933,.4,0.02273067,177.171,N/A
20.79192,0.09956933,.4,0.02273067,177.171,N/A
20.81335,0.09956933,,0.02273067,177.171,N/A
20.83237,0.09956933,,0.02273067,177.171,N/A
20.85239,0.09956933,,0.02273067,177.171,N/A
20.87289,0.09956933,,0.02273067,177.171,N/A
20.89298,0.09956933,,0.02273067,177.171,N/A
20.91348,0.09956933,4,0.02273067,177.171,N/A
20.93346,0.09956933,4,0.02273067,177.171,N/A
20.95196,0.09956933,4,0.02273067,177.171,N/A
20.97242,0.09956933,4,0.02273067,177.171,N/A
20.99235,0.1077533,.4,0.01454667,186.5,N/A
21.01234,0.1077533,.4,0.01454667,186.5,N/A
21.03239,0.1077533,.4,0.01454667,186.5,N/A
21.05336,0.1077533,.4,0.01454667,186.5,N/A
21.07285,0.1077533,.4,0.01454667,186.5,N/A
21.09283,0.1077533,.4,0.01454667,186.5,N/A
21.1126,0.1077533,.4,0.01454667,186.5,N/A
21.13282,0.1077533,.4,0.01454667,186.5,N/A
21.15349,0.1077533,.4,0.01454667,186.5,N/A
21.17196,0.1077533,.4,0.01454667,186.5,N/A
21.19332,0.1077533,.4,0.01454667,186.5,N/A
21.21246,0.1077533,.4,0.01454667,186.5,N/A
21.23282,0.1077533,.4,0.01454667,186.5,N/A
21.25343,0.1077533,.4,0.01454667,186.5,N/A
21.27333,0.1077533,,0.01454667,186.5,N/A
21.29234,0.1077533,,0.01454667,186.5,N/A
21.31241,0.1077533,,0.01454667,186.5,N/A
21.33282,0.1077533,,0.01454667,186.5,N/A
21.35288,0.1077533,4,0.01454667,186.5,N/A
21.37185,0.1077533,4,0.01454667,186.5,N/A
21.39329,0.1077533,4,0.01454667,186.5,N/A
21.41298,0.1077533,4,0.01454667,186.5,N/A
21.43232,0.1077533,4,0.01454667,186.5,N/A
21.45295,0.1077533,4,0.01454667,186.5,N/A
21.47188,0.1077533,4,0.01454667,186.5,N/A
21.49293,0.1077533,4,0.01454667,186.5,N/A
21.51299,0.1077533,4,0.01454667,186.5,N/A
21.53283,0.1077533,.4,0.01454667,186.5,N/A
21.55195,0.1077533,.4,0.01454667,186.5,N/A
21.57235,0.1077533,.4,0.01454667,186.5,N/A
21.59291,0.1077533,.4,0.01454667,186.5,N/A
21.6134,0.1077533,.4,0.01454667,186.5,N/A
21.63285,0.1077533,.4,0.01454667,186.5,N/A
21.65249,0.1077533,.4,0.01454667,186.5,N/A
21.67278,0.1077533,.4,0.01454667,186.5,N/A
21.69299,0.1077533,.4,0.01454667,186.5,N/A
21.71344,0.1077533,.4,0.01454667,186.5,N/A
21.73247,0.1077533,,0.01454667,186.5,N/A
21.75234,0.1077533,,0.01454667,186.5,N/A
21.77286,0.1077533,,0.01454667,186.5,N/A
21.7923,0.1077533,,0.01454667,186.5,N/A
21.8128,0.1077533,4,0.01454667,186.5,N/A
21.83341,0.1077533,4,0.01454667,186.5,N/A
21.85238,0.1077533,4,0.01454667,186.5,N/A
21.87296,0.1077533,4,0.01454667,186.5,N/A
21.8923,0.1077533,4,0.01454667,186.5,N/A
21.91291,0.09956933,4,0.02273067,177.171,N/A
21.93297,0.09956933,4,0.02273067,177.171,N/A
21.95281,0.09956933,4,0.02273067,177.171,N/A
21.97301,0.09956933,4,0.02273067,177.171,N/A
21.99332,0.02698473,.4,0.01454667,146.093,N/A
22.01285,0.06000001,.4,0.01454667,175.7556,N/A
22.03296,0.06,.4,0.01454667,175.7556,N/A
22.05284,0.06,.4,0.01454667,175.7556,N/A
22.07298,0.06,.4,0.01454667,175.7556,N/A
22.09236,0.06,.4,0.01454667,175.7556,N/A
22.11283,0.06,.4,0.01454667,175.7556,N/A
22.13293,0.06,.4,0.01454667,175.7556,N/A
22.15347,0.06000001,.4,0.01454667,175.7556,N/A
22.17333,0.06,,0.01454667,175.7556,N/A
22.19244,0.06000001,,0.01454667,175.7556,N/A
22.21281,0.06,,0.01454667,175.7556,N/A
22.23283,0.06,,0.01454667,175.7556,N/A
22.25187,0.06,,0.01454667,175.7556,N/A
22.27238,0.06,,0.01454667,175.7556,N/A
22.29341,0.06,,0.01454667,175.7556,N/A
22.31187,0.06,,0.01454667,175.7556,N/A
22.33228,0.06,,0.01454667,175.7556,N/A
22.35294,0.06,4,0.02273067,162.1156,N/A
22.3728,0.06,4,0.02273067,162.1156,N/A
22.3928,0.06,4,0.02273067,162.1156,N/A
22.41233,0.06,4,0.02273067,162.1156,N/A
22.43278,0.06,4,0.02273067,162.1156,N/A
22.45278,0.05999999,.4,0.01454667,175.7555,N/A
22.47233,0.05999999,.4,0.01454667,175.7555,N/A
22.49232,0.05999999,.4,0.01454667,175.7555,N/A
22.5125,0.05999999,.4,0.01454667,175.7555,N/A
22.53233,0.06,.4,0.01454667,175.7556,N/A
22.55236,0.06,.4,0.01454667,175.7556,N/A
22.57194,0.06,.4,0.01454667,175.7556,N/A
22.59341,0.06000001,.4,0.01454667,175.7556,N/A
22.6123,0.06,.4,0.01454667,175.7556,N/A
22.63297,0.06,.4,0.01454667,175.7556,N/A
22.6533,0.06,.4,0.01454667,175.7556,N/A
22.67281,0.06,.4,0.01454667,175.7556,N/A
22.69231,0.06,.4,0.01454667,175.7556,N/A
22.71279,0.06,.4,0.01454667,175.7556,N/A
22.73336,0.05999999,,0.01454667,175.7555,N/A
22.75233,0.06000001,,0.01454667,175.7556,N/A
22.77234,0.06,,0.01454667,175.7556,N/A
22.79245,0.06,,0.01454667,175.7556,N/A
22.81228,0.06,4,0.02273067,162.1156,N/A
22.83281,0.06,4,0.02273067,162.1156,N/A
22.8533,0.06,4,0.02273067,162.1156,N/A
22.8733,0.06,4,0.02273067,162.1156,N/A
22.89331,0.06,.4,0.02273067,162.1156,N/A
22.91281,0.05999999,.4,0.02273067,162.1155,N/A
22.933,0.06,.4,0.02273067,162.1156,N/A
22.95234,0.06,.4,0.02273067,162.1156,N/A
22.97231,0.06,.4,0.02273067,162.1156,N/A
22.99283,0.05999999,.4,0.02273067,162.1155,N/A
23.01333,0.06,.4,0.02273067,162.1156,N/A
23.03237,0.06,.4,0.02273067,162.1156,N/A
23.05235,0.06,.4,0.02273067,162.1156,N/A
23.07282,0.05999999,.4,0.02273067,162.1155,N/A
23.09235,0.05999999,.4,0.02273067,162.1155,N/A
23.1129,0.06,.4,0.02273067,162.1156,N/A
23.13252,0.06,.4,0.02273067,162.1156,N/A
23.15229,0.05999999,.4,0.02273067,162.1155,N/A
23.17329,0.06,,0.02273067,162.1156,N/A
23.19232,0.04136922,,0.02273067,145.0541,N/A
23.21285,0.09956933,,0.02273067,177.171,N/A
23.23331,0.09956933,,0.02273067,177.171,N/A
23.25184,0.09956933,,0.02273067,177.171,N/A
23.27293,0.09956933,4,0.02273067,177.171,N/A
23.29281,0.09956933,4,0.02273067,177.171,N/A
23.31338,0.09956933,4,0.02273067,177.171,N/A
23.33295,0.09956933,4,0.02273067,177.171,N/A
23.35282,0.1077533,.4,0.01454667,186.5,N/A
23.37342,0.1077533,.4,0.01454667,186.5,N/A
23.39279,0.1077533,.4,0.01454667,186.5,N/A
23.41243,0.1077533,.4,0.01454667,186.5,N/A
23.4328,0.1077533,.4,0.01454667,186.5,N/A
23.45329,0.1077533,.4,0.01454667,186.5,N/A
23.47177,0.1077533,.4,0.01454667,186.5,N/A
23.49195,0.1077533,.4,0.01454667,186.5,N/A
23.5133,0.1077533,.4,0.01454667,186.5,N/A
23.53186,0.1077533,.4,0.01454667,186.5,N/A
23.55242,0.1077533,.4,0.01454667,186.5,N/A
23.5734,0.1077533,.4,0.01454667,186.5,N/A
23.59298,0.1077533,.4,0.01454667,186.5,N/A
23.61335,0.1077533,.4,0.01454667,186.5,N/A
23.63296,0.1077533,,0.01454667,186.5,N/A
23.65337,0.1077533,,0.01454667,186.5,N/A
23.67315,0.1077533,,0.01454667,186.5,N/A
23.69333,0.1077533,,0.01454667,186.5,N/A
23.71183,0.035,,0.01454667,158.4381,N/A
23.73278,0.035,4,0.01454667,158.4381,N/A
23.75278,0.035,4,0.01454667,158.4381,N/A
23.77341,0.035,4,0.01454667,158.4381,N/A
23.79253,0.035,4,0.01454667,158.4381,N/A
23.81279,0.035,4,0.01454667,158.4381,N/A
23.83282,0.035,4,0.01454667,158.4381,N/A
23.85281,0.035,4,0.01454667,158.4381,N/A
23.87227,0.035,4,0.01454667,158.4381,N/A
23.89328,0.035,.4,0.01454667,158.4381,N/A
23.9119,0.035,.4,0.01454667,158.4381,N/A
23.93198,0.035,.4,0.01454667,158.4381,N/A
23.95277,0.035,.4,0.01454667,158.4381,N/A
23.9718,0.035,.4,0.01454667,158.4381,N/A
23.9929,0.035,.4,0.01454667,158.4381,N/A
24.01343,0.035,.4,0.01454667,158.4381,N/A
24.03231,0.035,.4,0.01454667,158.4381,N/A
24.05293,0.035,.4,0.01454667,158.4381,N/A
24.07331,0.035,.4,0.01454667,158.4381,N/A
24.09281,0.035,,0.01454667,158.4381,N/A
24.11182,0.035,,0.01454667,158.4381,N/A
24.13237,0.035,,0.01454667,158.4381,N/A
24.15284,0.035,,0.01454667,158.4381,N/A
24.17181,0.035,4,0.01454667,158.4381,N/A
24.19299,0.035,4,0.01454667,158.4381,N/A
24.21233,0.035,4,0.01454667,158.4381,N/A
24.2328,0.035,4,0.01454667,158.4381,N/A
24.2533,0.035,4,0.01454667,158.4381,N/A
24.27248,0.035,4,0.02273067,135.0552,N/A
24.29344,0.035,4,0.02273067,135.0552,N/A
24.31281,0.035,4,0.02273067,135.0552,N/A
24.33288,0.035,4,0.02273067,135.0552,N/A
24.35346,0.035,.4,0.01454667,158.4381,N/A
24.37335,0.035,.4,0.01454667,158.4381,N/A
24.39234,0.035,.4,0.01454667,158.4381,N/A
24.41336,0.035,.4,0.01454667,158.4381,N/A
24.43285,0.035,.4,0.01454667,158.4381,N/A
24.4519,0.035,.4,0.01454667,158.4381,N/A
24.4723,0.035,.4,0.01454667,158.4381,N/A
24.49231,0.035,.4,0.01454667,158.4381,N/A
24.51195,0.035,.4,0.01454667,158.4381,N/A
24.53311,0.035,,0.01454667,158.4381,N/A
24.55331,0.035,,0.01454667,158.4381,N/A
24.57235,0.035,,0.01454667,158.4381,N/A
24.59228,0.035,,0.01454667,158.4381,N/A
24.61237,0.035,,0.01454667,158.4381,N/A
24.63282,0.035,,0.01454667,158.4381,N/A
24.6529,0.035,,0.01454667,158.4381,N/A
24.67131,0.035,,0.01454667,158.4381,N/A
24.6928,0.035,,0.01454667,158.4381,N/A
24.71296,0.035,4,0.02273067,135.0552,N/A
24.7329,0.035,4,0.02273067,135.0552,N/A
24.75281,0.035,4,0.02273067,135.0552,N/A
24.77244,0.035,4,0.02273067,135.0552,N/A
24.793,0.035,4,0.02273067,135.0552,N/A
24.8124,0.035,.4,0.01454667,158.4381,N/A
24.8333,0.035,.4,0.01454667,158.4381,N/A
24.8524,0.035,.4,0.01454667,158.4381,N/A
24.87232,0.035,.4,0.01454667,158.4381,N/A
24.89333,0.0489154,.4,0.01454667,170.2616,N/A
24.91329,0.07,.4,0.01454667,179.219,N/A
24.93331,0.06999999,.4,0.01454667,179.219,N/A
24.95236,0.07,.4,0.01454667,179.219,N/A
24.97334,0.06999999,.4,0.01454667,179.219,N/A
24.99233,0.07,,0.01454667,179.219,N/A
25.0123,0.07,,0.01454667,179.219,N/A
25.03283,0.07,,0.01454667,179.219,N/A
25.05233,0.07,,0.01454667,179.219,N/A
25.07181,0.07,,0.01454667,179.219,N/A
25.09336,0.07,,0.01454667,179.219,N/A
25.11337,0.07,,0.01454667,179.219,N/A
25.13336,0.06999999,,0.01454667,179.219,N/A
25.15227,0.07,,0.01454667,179.219,N/A
25.17193,0.07000001,4,0.02273067,167.5276,N/A
25.19187,0.07000001,4,0.02273067,167.5276,N/A
25.2124,0.07,4,0.02273067,167.5276,N/A
25.23259,0.07000001,4,0.02273067,167.5276,N/A
25.23438,0.07000001,4,0.02273067,167.5276,N/A
25.27231,0.07,.4,0.02273067,167.5276,N/A
25.29333,0.07000001,.4,0.02273067,167.5276,N/A
25.3123,0.07000001,.4,0.02273067,167.5276,N/A
25.33179,0.07,.4,0.02273067,167.5276,N/A
25.3529,0.07000001,.4,0.02273067,167.5276,N/A
25.3733,0.07,.4,0.02273067,167.5276,N/A
25.39245,0.07000001,.4,0.02273067,167.5276,N/A
25.41231,0.07000001,.4,0.02273067,167.5276,N/A
25.43249,0.07000001,.4,0.02273067,167.5276,N/A
25.45282,0.07000001,.4,0.02273067,167.5276,N/A
25.47234,0.07,.4,0.02273067,167.5276,N/A
25.49286,0.07,.4,0.02273067,167.5276,N/A
25.51237,0.07000001,.4,0.02273067,167.5276,N/A
25.5326,0.07000001,,0.02273067,167.5276,N/A
25.55285,0.07000001,,0.02273067,167.5276,N/A
25.5734,0.07000001,,0.02273067,167.5276,N/A
25.59281,0.07000001,,0.02273067,167.5276,N/A
25.6128,0.07000001,,0.02273067,167.5276,N/A
25.6329,0.07000001,4,0.02273067,167.5276,N/A
25.65289,0.07,4,0.02273067,167.5276,N/A
25.67232,0.07000001,4,0.02273067,167.5276,N/A
25.69339,0.07,4,0.02273067,167.5276,N/A
25.71249,0.07,.4,0.01454667,179.219,N/A
25.73202,0.07,.4,0.01454667,179.219,N/A
25.75236,0.07,.4,0.01454667,179.219,N/A
25.77334,0.06999999,.4,0.01454667,179.219,N/A
25.79277,0.07,.4,0.01454667,179.219,N/A
25.81293,0.07,.4,0.01454667,179.219,N/A
25.83342,0.06999999,.4,0.01454667,179.219,N/A
25.85187,0.06999999,.4,0.01454667,179.219,N/A
25.87296,0.07,.4,0.01454667,179.219,N/A
25.89235,0.06999999,.4,0.01454667,179.219,N/A
25.9133,0.07,.4,0.01454667,179.219,N/A
25.93282,0.06999999,.4,0.01454667,179.219,N/A
25.95276,0.06999999,.4,0.01454667,179.219,N/A
25.97236,0.07,.4,0.01454667,179.219,N/A
25.99235,0.07,,0.01454667,179.219,N/A
26.01274,0.06999999,,0.01454667,179.219,N/A
26.03276,0.07,,0.01454667,179.219,N/A
26.05275,0.07,,0.01454667,179.219,N/A
26.07229,0.06999999,,0.01454667,179.219,N/A
26.09334,0.06999999,4,0.01454667,179.219,N/A
26.11259,0.07,4,0.01454667,179.219,N/A
26.13236,0.07,4,0.01454667,179.219,N/A
26.1524,0.07,4,0.01454667,179.219,N/A
26.17292,0.07000001,.4,0.01,185.7143,N/A
26.19228,0.07000001,.4,0.01,185.7143,N/A
26.21231,0.07000001,.4,0.01,185.7143,N/A
26.2328,0.07000001,.4,0.01,185.7143,N/A
26.25233,0.07000001,.4,0.01,185.7143,N/A
26.27233,0.07000001,.4,0.01,185.7143,N/A
26.29236,0.07000001,.4,0.01,185.7143,N/A
26.31326,0.07000001,.4,0.01,185.7143,N/A
26.33339,0.07000001,.4,0.01,185.7143,N/A
26.35243,0.07000001,.4,0.01,185.7143,N/A
26.37343,0.07000001,.4,0.01,185.7143,N/A
26.39234,0.07000001,.4,0.01,185.7143,N/A
26.41334,0.07000001,.4,0.01,185.7143,N/A
26.43326,0.07000001,.4,0.01,185.7143,N/A
26.45285,0.07000001,,0.01,185.7143,N/A
26.47232,0.07000001,,0.01,185.7143,N/A
26.49155,0.07000001,,0.01,185.7143,N/A
26.51279,0.07000001,,0.01,185.7143,N/A
26.53288,0.07000001,4,0.01,185.7143,N/A
26.55232,0.07000001,4,0.01,185.7143,N/A
26.57334,0.07000001,4,0.01,185.7143,N/A
26.59327,0.07000001,4,0.01,185.7143,N/A
26.61333,0.07000001,4,0.01,185.7143,N/A
26.63238,0.07,4,0.01454667,179.219,N/A
26.65334,0.06999999,4,0.01454667,179.219,N/A
26.67229,0.07,4,0.01454667,179.219,N/A
26.69286,0.06999999,4,0.01454667,179.219,N/A
26.71214,0.07000001,.4,0.01,185.7143,N/A
26.73293,0.07000001,.4,0.01,185.7143,N/A
26.7533,0.07000001,.4,0.01,185.7143,N/A
26.77283,0.07000001,.4,0.01,185.7143,N/A
26.79229,0.07000001,.4,0.01,185.7143,N/A
26.81331,0.07000001,.4,0.01,185.7143,N/A
26.83244,0.07000001,.4,0.01,185.7143,N/A
26.85233,0.07000001,.4,0.01,185.7143,N/A
26.87336,0.07000001,.4,0.01,185.7143,N/A
26.89288,0.07000001,.4,0.01,185.7143,N/A
26.9128,0.07000001,,0.01,185.7143,N/A
26.93277,0.07000001,,0.01,185.7143,N/A
26.95329,0.07000001,,0.01,185.7143,N/A
26.97329,0.07000001,,0.01,185.7143,N/A
26.99333,0.07000001,,0.01,185.7143,N/A
27.01242,0.07000001,,0.01,185.7143,N/A
27.03228,0.07000001,,0.01,185.7143,N/A
27.05336,0.07000001,,0.01,185.7143,N/A
27.0713,0.07000001,,0.01,185.7143,N/A
27.09289,0.07,4,0.01454667,179.219,N/A
27.11237,0.07,4,0.01454667,179.219,N/A
27.13279,0.06999999,4,0.01454667,179.219,N/A
27.1523,0.07,4,0.01454667,179.219,N/A
27.17326,0.07000001,.4,0.01,185.7143,N/A
27.19256,0.07000001,.4,0.01,185.7143,N/A
27.21228,0.07000001,.4,0.01,185.7143,N/A
27.23289,0.07000001,.4,0.01,185.7143,N/A
27.25325,0.07000001,.4,0.01,185.7143,N/A
27.27241,0.07000001,.4,0.01,185.7143,N/A
27.29229,0.07000001,.4,0.01,185.7143,N/A
27.31277,0.07000001,.4,0.01,185.7143,N/A
27.33193,0.07000001,.4,0.01,185.7143,N/A
27.35238,0.07000001,,0.01,185.7143,N/A
27.37332,0.07000001,,0.01,185.7143,N/A
27.39333,0.07000001,,0.01,185.7143,N/A
27.41282,0.07000001,,0.01,185.7143,N/A
27.43184,0.07000001,,0.01,185.7143,N/A
27.45336,0.07000001,,0.01,185.7143,N/A
27.47132,0.07000001,,0.01,185.7143,N/A
27.49278,0.02492771,,0.01,159.884,N/A
27.51278,0.1123,,0.01,191.0953,N/A
27.53169,0.1077533,4,0.01454666,186.5,N/A
27.55277,0.1077533,4,0.01454666,186.5,N/A
27.57227,0.1077533,4,0.01454666,186.5,N/A
27.59228,0.1077533,4,0.01454666,186.5,N/A
27.61227,0.1077533,4,0.01454666,186.5,N/A
27.63236,0.1077533,.4,0.01454667,186.5,N/A
27.65279,0.1077533,.4,0.01454667,186.5,N/A
27.67302,0.1077533,.4,0.01454667,186.5,N/A
27.69288,0.1077533,.4,0.01454667,186.5,N/A
27.71246,0.1077533,.4,0.01454667,186.5,N/A
27.7328,0.1077533,.4,0.01454667,186.5,N/A
27.75228,0.1077533,.4,0.01454667,186.5,N/A
27.7734,0.1077533,.4,0.01454667,186.5,N/A
27.7929,0.1077533,.4,0.01454667,186.5,N/A
27.81277,0.1077533,.4,0.01454667,186.5,N/A
27.83331,0.1077533,.4,0.01454667,186.5,N/A
27.85231,0.1077533,.4,0.01454667,186.5,N/A
27.87285,0.1077533,.4,0.01454667,186.5,N/A
27.8924,0.1077533,.4,0.01454667,186.5,N/A
27.91239,0.1077533,,0.01454667,186.5,N/A
27.93127,0.1077533,,0.01454667,186.5,N/A
27.95279,0.1077533,,0.01454667,186.5,N/A
27.97328,0.1077533,,0.01454667,186.5,N/A
27.99344,0.1077533,4,0.01454667,186.5,N/A
28.01333,0.1077533,4,0.01454667,186.5,N/A
28.03248,0.1077533,4,0.01454667,186.5,N/A
28.05207,0.1077533,4,0.01454667,186.5,N/A
28.07282,0.1077533,4,0.01454667,186.5,N/A
28.09282,0.1077533,.4,0.01454667,186.5,N/A
28.11283,0.1077533,.4,0.01454667,186.5,N/A
28.13241,0.1077533,.4,0.01454667,186.5,N/A
28.15291,0.1077533,.4,0.01454667,186.5,N/A
28.17282,0.1077533,.4,0.01454667,186.5,N/A
28.19328,0.1077533,.4,0.01454667,186.5,N/A
28.21334,0.1077533,.4,0.01454667,186.5,N/A
28.23231,0.1077533,.4,0.01454667,186.5,N/A
28.25279,0.1077533,.4,0.01454667,186.5,N/A
28.27283,0.1077533,.4,0.01454667,186.5,N/A
28.29229,0.1077533,.4,0.01454667,186.5,N/A
28.31229,0.1077533,.4,0.01454667,186.5,N/A
28.3328,0.1077533,.4,0.01454667,186.5,N/A
28.35206,0.1077533,,0.01454667,186.5,N/A
28.37283,0.1077533,,0.01454667,186.5,N/A
28.39335,0.1077533,,0.01454667,186.5,N/A
28.41329,0.1077533,,0.01454667,186.5,N/A
28.43229,0.1077533,,0.01454667,186.5,N/A
28.45335,0.09956933,4,0.02273067,177.171,N/A
28.47033,0.09956933,4,0.02273067,177.171,N/A
28.49332,0.09956933,4,0.02273067,177.171,N/A
28.51341,0.09956933,4,0.02273067,177.171,N/A
28.53287,0.1077533,.4,0.01454667,186.5,N/A
28.55287,0.1077533,.4,0.01454667,186.5,N/A
28.57344,0.1077533,.4,0.01454667,186.5,N/A
28.59248,0.1077533,.4,0.01454667,186.5,N/A
28.61338,0.1077533,.4,0.01454667,186.5,N/A
28.6329,0.1123,.4,0.01,191.0953,N/A
28.65233,0.1123,.4,0.01,191.0953,N/A
28.67234,0.1123,.4,0.01,191.0953,N/A
28.69287,0.1123,.4,0.01,191.0953,N/A
28.71281,0.1123,.4,0.01,191.0953,N/A
28.73289,0.1123,.4,0.01,191.0953,N/A
28.7529,0.1123,.4,0.01,191.0953,N/A
28.77235,0.1123,.4,0.01,191.0953,N/A
28.7928,0.1123,.4,0.01,191.0953,N/A
28.81182,0.1123,,0.01,191.0953,N/A
28.83228,0.1123,,0.01,191.0953,N/A
28.85279,0.1123,,0.01,191.0953,N/A
28.87295,0.1123,,0.01,191.0953,N/A
28.89238,0.1123,,0.01,191.0953,N/A
28.91239,0.1077533,4,0.01454667,186.5,N/A
28.9333,0.1077533,4,0.01454667,186.5,N/A
28.95343,0.1077533,4,0.01454667,186.5,N/A
28.97281,0.1077533,4,0.01454667,186.5,N/A
28.99332,0.1077533,4,0.01454667,186.5,N/A
29.0118,0.1077533,4,0.01454667,186.5,N/A
29.03186,0.1077533,4,0.01454667,186.5,N/A
29.05292,0.1077533,4,0.01454667,186.5,N/A
29.07328,0.1077533,4,0.01454667,186.5,N/A
29.09229,0.1077533,.4,0.01454667,186.5,N/A
29.11244,0.1077533,.4,0.01454667,186.5,N/A
29.13111,0.1077533,.4,0.01454667,186.5,N/A
29.15335,0.1077533,.4,0.01454667,186.5,N/A
29.17243,0.1077533,.4,0.01454667,186.5,N/A
29.19345,0.1077533,.4,0.01454667,186.5,N/A
29.21281,0.1077533,.4,0.01454667,186.5,N/A
29.23331,0.1077533,.4,0.01454667,186.5,N/A
29.25284,0.1077533,.4,0.01454667,186.5,N/A
29.27239,0.1077533,,0.01454667,186.5,N/A
29.2933,0.1077533,,0.01454667,186.5,N/A
29.31294,0.12,,0.01454667,187.8778,N/A
29.3318,0.12,,0.01454667,187.8778,N/A
29.35294,0.12,4,0.01454667,187.8778,N/A
29.37241,0.12,4,0.01454667,187.8778,N/A
29.39294,0.12,4,0.01454667,187.8778,N/A
29.41334,0.12,4,0.01454667,187.8778,N/A
29.43282,0.12,4,0.01454667,187.8778,N/A
29.45245,0.12,4,0.02273067,181.0578,N/A
29.47328,0.12,4,0.02273067,181.0578,N/A
29.49284,0.12,4,0.02273067,181.0578,N/A
29.51229,0.12,4,0.02273067,181.0578,N/A
29.53239,0.12,.4,0.01454667,187.8778,N/A
29.5528,0.12,.4,0.01454667,187.8778,N/A
29.57229,0.12,.4,0.01454667,187.8778,N/A
29.59229,0.12,.4,0.01454667,187.8778,N/A
29.61279,0.12,.4,0.01454667,187.8778,N/A
29.63287,0.12,.4,0.01454667,187.8778,N/A
29.65229,0.12,.4,0.01454667,187.8778,N/A
29.67242,0.12,.4,0.01454667,187.8778,N/A
29.69156,0.12,.4,0.01454667,187.8778,N/A
29.71279,0.12,,0.01454667,187.8778,N/A
29.73259,0.12,,0.01454667,187.8778,N/A
29.75229,0.12,,0.01454667,187.8778,N/A
29.77341,0.12,,0.01454667,187.8778,N/A
29.79181,0.12,,0.01454667,187.8778,N/A
29.81332,0.12,,0.01454667,187.8778,N/A
29.83234,0.12,,0.01454667,187.8778,N/A
29.85232,0.12,,0.01454667,187.8778,N/A
29.87275,0.12,,0.01454667,187.8778,N/A
29.89273,0.12,,0.01454667,187.8778,N/A
29.91226,0.12,4,0.02273067,181.0578,N/A
29.93274,0.12,4,0.02273067,181.0578,N/A
29.95287,0.12,4,0.02273067,181.0578,N/A
29.97238,0.12,4,0.02273067,181.0578,N/A
29.99329,0.12,.4,0.01454667,187.8778,N/A
30.01291,0.12,.4,0.01454667,187.8778,N/A
30.03287,0.12,.4,0.01454667,187.8778,N/A
30.05209,0.12,.4,0.01454667,187.8778,N/A
30.07327,0.12,.4,0.01454667,187.8778,N/A
30.09202,0.12,.4,0.01454667,187.8778,N/A
30.11244,0.12,.4,0.01454667,187.8778,N/A
30.13288,0.12,.4,0.01454667,187.8778,N/A
30.1528,0.12,.4,0.01454667,187.8778,N/A
30.17283,0.12,.4,0.01454667,187.8778,N/A
30.19119,0.12,.4,0.01454667,187.8778,N/A
30.21326,0.12,.4,0.01454667,187.8778,N/A
30.23136,0.12,.4,0.01454667,187.8778,N/A
30.253,0.12,.4,0.01454667,187.8778,N/A
30.27281,0.12,,0.01454667,187.8778,N/A
30.29231,0.12,,0.01454667,187.8778,N/A
30.31229,0.12,,0.01454667,187.8778,N/A
30.33329,0.12,,0.01454667,187.8778,N/A
30.35279,0.12,4,0.02273067,181.0578,N/A
30.37282,0.12,4,0.02273067,181.0578,N/A
30.39284,0.12,4,0.02273067,181.0578,N/A
30.413,0.12,4,0.02273067,181.0578,N/A
30.43207,0.12,4,0.02273067,181.0578,N/A
30.45237,0.12,.4,0.02273067,181.0578,N/A
30.47298,0.12,.4,0.02273067,181.0578,N/A
30.49295,0.12,.4,0.02273067,181.0578,N/A
30.5119,0.12,.4,0.02273067,181.0578,N/A
30.53235,0.12,.4,0.02273067,181.0578,N/A
30.55281,0.12,.4,0.02273067,181.0578,N/A
30.57285,0.12,.4,0.02273067,181.0578,N/A
30.59245,0.12,.4,0.02273067,181.0578,N/A
30.61239,0.12,.4,0.02273067,181.0578,N/A
30.63237,0.12,.4,0.02273067,181.0578,N/A
30.6533,0.12,.4,0.02273067,181.0578,N/A
30.67281,0.12,.4,0.02273067,181.0578,N/A
30.69284,0.12,.4,0.02273067,181.0578,N/A
30.71178,0.12,.4,0.02273067,181.0578,N/A
30.73228,0.12,,0.02273067,181.0578,N/A
30.75245,0.12,,0.02273067,181.0578,N/A
30.77234,0.12,,0.02273067,181.0578,N/A
30.79327,0.12,,0.02273067,181.0578,N/A
30.81317,0.12,4,0.02273067,181.0578,N/A
30.83212,0.12,4,0.02273067,181.0578,N/A
30.85312,0.12,4,0.02273067,181.0578,N/A
30.87323,0.12,4,0.02273067,181.0578,N/A
30.89168,0.12,.4,0.01454667,187.8778,N/A
30.91324,0.12,.4,0.01454667,187.8778,N/A
30.93214,0.12,.4,0.01454667,187.8778,N/A
30.95337,0.12,.4,0.01454667,187.8778,N/A
30.97324,0.12,.4,0.01454667,187.8778,N/A
30.99266,0.12,.4,0.01454667,187.8778,N/A
31.01318,0.12,.4,0.01454667,187.8778,N/A
31.0327,0.12,.4,0.01454667,187.8778,N/A
31.05273,0.12,.4,0.01454667,187.8778,N/A
31.07286,0.12,.4,0.01454667,187.8778,N/A
31.09274,0.12,.4,0.01454667,187.8778,N/A
31.11327,0.12,.4,0.01454667,187.8778,N/A
31.13325,0.12,.4,0.01454667,187.8778,N/A
31.15119,0.12,.4,0.01454667,187.8778,N/A
31.17275,0.12,,0.01454667,187.8778,N/A
31.19278,0.12,,0.01454667,187.8778,N/A
31.21261,0.12,,0.01454667,187.8778,N/A
31.23229,0.12,,0.01454667,187.8778,N/A
31.25245,0.12,,0.01454667,187.8778,N/A
31.27221,0.12,4,0.01454667,187.8778,N/A
31.29233,0.12,4,0.01454667,187.8778,N/A
31.31236,0.12,4,0.01454667,187.8778,N/A
31.33179,0.12,4,0.01454667,187.8778,N/A
31.35272,0.12,.4,0.01,191.6667,N/A
31.37279,0.12,.4,0.01,191.6667,N/A
31.39223,0.12,.4,0.01,191.6667,N/A
31.41172,0.12,.4,0.01,191.6667,N/A
31.4324,0.12,.4,0.01,191.6667,N/A
31.45202,0.12,.4,0.01,191.6667,N/A
31.47337,0.12,.4,0.01,191.6667,N/A
31.49278,0.12,.4,0.01,191.6667,N/A
31.51326,0.12,.4,0.01,191.6667,N/A
31.53232,0.12,.4,0.01,191.6667,N/A
31.55184,0.12,.4,0.01,191.6667,N/A
31.57249,0.12,.4,0.01,191.6667,N/A
31.59226,0.12,.4,0.01,191.6667,N/A
31.61283,0.12,.4,0.01,191.6667,N/A
31.6323,0.12,,0.01,191.6667,N/A
31.65328,0.12,,0.01,191.6667,N/A
31.67283,0.12,,0.01,191.6667,N/A
31.69227,0.12,,0.01,191.6667,N/A
31.71276,0.12,4,0.01,191.6667,N/A
31.73281,0.12,4,0.01,191.6667,N/A
31.75344,0.12,4,0.01,191.6667,N/A
31.77256,0.12,4,0.01,191.6667,N/A
31.79276,0.12,4,0.01,191.6667,N/A
31.81226,0.1077533,4,0.01454667,186.5,N/A
31.83228,0.1077533,4,0.01454667,186.5,N/A
31.85226,0.1077533,4,0.01454667,186.5,N/A
31.87276,0.1077533,4,0.01454667,186.5,N/A
31.89289,0.1123,.4,0.01,191.0953,N/A
31.91231,0.1123,.4,0.01,191.0953,N/A
31.93283,0.1123,.4,0.01,191.0953,N/A
31.95278,0.1123,.4,0.01,191.0953,N/A
31.97331,0.1123,.4,0.01,191.0953,N/A
31.99139,0.1123,.4,0.01,191.0953,N/A
32.01225,0.1123,.4,0.01,191.0953,N/A
32.03329,0.1123,.4,0.01,191.0953,N/A
32.0528,0.1123,.4,0.01,191.0953,N/A
32.07328,0.1123,.4,0.01,191.0953,N/A
32.09231,0.1123,,0.01,191.0953,N/A
32.11329,0.1123,,0.01,191.0953,N/A
32.13328,0.1123,,0.01,191.0953,N/A
32.15279,0.1123,,0.01,191.0953,N/A
32.17175,0.1077533,4,0.01454667,186.5,N/A
32.19336,0.1077533,4,0.01454667,186.5,N/A
32.21186,0.1077533,4,0.01454667,186.5,N/A
32.23148,0.1077533,4,0.01454667,186.5,N/A
32.25251,0.1077533,4,0.01454667,186.5,N/A
32.27329,0.1077533,4,0.01454667,186.5,N/A
32.29281,0.1077533,4,0.01454667,186.5,N/A
32.31294,0.1077533,4,0.01454667,186.5,N/A
32.3324,0.1077533,4,0.01454667,186.5,N/A
32.35127,0.1077533,.4,0.01454667,186.5,N/A
32.37336,0.1077533,.4,0.01454667,186.5,N/A
32.39279,0.1077533,.4,0.01454667,186.5,N/A
32.41278,0.1077533,.4,0.01454667,186.5,N/A
32.43279,0.1077533,.4,0.01454667,186.5,N/A
32.45229,0.1077533,.4,0.01454667,186.5,N/A
32.47279,0.1077533,.4,0.01454667,186.5,N/A
32.49274,0.1077533,.4,0.01454667,186.5,N/A
32.51277,0.1077533,.4,0.01454667,186.5,N/A
32.53252,0.1077533,,0.01454667,186.5,N/A
32.55328,0.1077533,,0.01454667,186.5,N/A
32.57301,0.1077533,,0.01454667,186.5,N/A
32.59254,0.1077533,,0.01454667,186.5,N/A
32.61303,0.1077533,,0.01454667,186.5,N/A
32.6333,0.1077533,,0.01454667,186.5,N/A
32.65333,0.1077533,,0.01454667,186.5,N/A
32.67179,0.1077533,,0.01454667,186.5,N/A
32.69307,0.1077533,,0.01454667,186.5,N/A
32.71262,0.09956933,4,0.02273067,177.171,N/A
32.73339,0.09956933,4,0.02273067,177.171,N/A
32.75275,0.09956933,4,0.02273067,177.171,N/A
32.77276,0.09956933,4,0.02273067,177.171,N/A
32.79243,0.09956933,4,0.02273067,177.171,N/A
32.81332,0.1077533,.4,0.01454667,186.5,N/A
32.83277,0.1077533,.4,0.01454667,186.5,N/A
32.85342,0.1077533,.4,0.01454667,186.5,N/A
32.87275,0.1077533,.4,0.01454667,186.5,N/A
32.89142,0.1077533,.4,0.01454667,186.5,N/A
32.91226,0.1077533,.4,0.01454667,186.5,N/A
32.93176,0.1077533,.4,0.01454667,186.5,N/A
32.9528,0.1077533,.4,0.01454667,186.5,N/A
32.97227,0.1077533,.4,0.01454667,186.5,N/A
32.99224,0.1077533,.4,0.01454667,186.5,N/A
33.01284,0.1077533,.4,0.01454667,186.5,N/A
33.03288,0.1077533,.4,0.01454667,186.5,N/A
33.05327,0.1077533,.4,0.01454667,186.5,N/A
33.0725,0.1077533,.4,0.01454667,186.5,N/A
33.09228,0.1077533,,0.01454667,186.5,N/A
33.11326,0.1077533,,0.01454667,186.5,N/A
33.13274,0.1077533,,0.01454667,186.5,N/A
33.15196,0.1077533,,0.01454667,186.5,N/A
33.17227,0.09956933,4,0.02273067,177.171,N/A
33.19327,0.09956933,4,0.02273067,177.171,N/A
33.21279,0.09956933,4,0.02273067,177.171,N/A
33.23273,0.09956933,4,0.02273067,177.171,N/A
33.25279,0.09956933,4,0.02273067,177.171,N/A
33.27242,0.09956933,.4,0.02273067,177.171,N/A
33.29276,0.09956933,.4,0.02273067,177.171,N/A
33.3134,0.09956933,.4,0.02273067,177.171,N/A
33.33324,0.09956933,.4,0.02273067,177.171,N/A
33.35329,0.09956933,.4,0.02273067,177.171,N/A
33.37337,0.09956933,.4,0.02273067,177.171,N/A
33.39292,0.09956933,.4,0.02273067,177.171,N/A
33.41288,0.09956933,.4,0.02273067,177.171,N/A
33.43237,0.09956933,.4,0.02273067,177.171,N/A
33.45285,0.09956933,.4,0.02273067,177.171,N/A
33.47278,0.09956933,.4,0.02273067,177.171,N/A
33.49226,0.09956933,.4,0.02273067,177.171,N/A
33.51325,0.09956933,.4,0.02273067,177.171,N/A
33.53235,0.09956933,,0.02273067,177.171,N/A
33.55292,0.09956933,,0.02273067,177.171,N/A
33.57295,0.09956933,,0.02273067,177.171,N/A
33.59293,0.09956933,,0.02273067,177.171,N/A
33.61338,0.09956933,,0.02273067,177.171,N/A
33.63322,0.09956933,4,0.02273067,177.171,N/A
33.65224,0.09956933,4,0.02273067,177.171,N/A
33.67328,0.09956933,4,0.02273067,177.171,N/A
33.6934,0.09956933,4,0.02273067,177.171,N/A
33.71327,0.1077533,.4,0.01454667,186.5,N/A
33.73274,0.1077533,.4,0.01454667,186.5,N/A
33.75325,0.1077533,.4,0.01454667,186.5,N/A
33.77227,0.1077533,.4,0.01454667,186.5,N/A
33.79329,0.1077533,.4,0.01454667,186.5,N/A
33.81276,0.1077533,.4,0.01454667,186.5,N/A
33.83276,0.1077533,.4,0.01454667,186.5,N/A
33.8524,0.1077533,.4,0.01454667,186.5,N/A
33.87189,0.1077533,.4,0.01454667,186.5,N/A
33.89333,0.1077533,.4,0.01454667,186.5,N/A
33.91324,0.1077533,.4,0.01454667,186.5,N/A
33.93235,0.1077533,.4,0.01454667,186.5,N/A
33.95225,0.1077533,.4,0.01454667,186.5,N/A
33.97235,0.1077533,.4,0.01454667,186.5,N/A
33.99223,0.1077533,,0.01454667,186.5,N/A
34.0114,0.1077533,,0.01454667,186.5,N/A
34.03275,0.1077533,,0.01454667,186.5,N/A
34.05223,0.1077533,,0.01454667,186.5,N/A
34.07275,0.1077533,,0.01454667,186.5,N/A
34.09227,0.1077533,4,0.01454667,186.5,N/A
34.11327,0.1077533,4,0.01454667,186.5,N/A
34.13288,0.1077533,4,0.01454667,186.5,N/A
34.15229,0.1077533,4,0.01454667,186.5,N/A
34.17323,0.1123,.4,0.01,191.0953,N/A
34.19331,0.1123,.4,0.01,191.0953,N/A
34.21288,0.1123,.4,0.01,191.0953,N/A
34.23226,0.1123,.4,0.01,191.0953,N/A
34.2509,0.1123,.4,0.01,191.0953,N/A
34.27182,0.1123,.4,0.01,191.0953,N/A
34.2927,0.1123,.4,0.01,191.0953,N/A
34.31323,0.1123,.4,0.01,191.0953,N/A
34.33284,0.1123,.4,0.01,191.0953,N/A
34.35272,0.1123,.4,0.01,191.0953,N/A
34.37324,0.1123,.4,0.01,191.0953,N/A
34.39324,0.1123,.4,0.01,191.0953,N/A
34.41223,0.1123,.4,0.01,191.0953,N/A
34.43322,0.1123,.4,0.01,191.0953,N/A
34.45325,0.1123,,0.01,191.0953,N/A
34.47223,0.1123,,0.01,191.0953,N/A
34.49125,0.1123,,0.01,191.0953,N/A
34.51323,0.1123,,0.01,191.0953,N/A
34.53223,0.1123,4,0.01,191.0953,N/A
34.55324,0.1123,4,0.01,191.0953,N/A
34.57279,0.1123,4,0.01,191.0953,N/A
34.59227,0.1123,4,0.01,191.0953,N/A
34.61273,0.1123,4,0.01,191.0953,N/A
34.63272,0.1077533,4,0.01454667,186.5,N/A
34.65321,0.1077533,4,0.01454667,186.5,N/A
34.67321,0.1077533,4,0.01454667,186.5,N/A
34.69173,0.1077533,4,0.01454667,186.5,N/A
34.71327,0.1123,.4,0.01,191.0953,N/A
34.73171,0.1123,.4,0.01,191.0953,N/A
34.7532,0.1123,.4,0.01,191.0953,N/A
34.77282,0.1123,.4,0.01,191.0953,N/A
34.79225,0.1123,.4,0.01,191.0953,N/A
34.81284,0.0675,.4,0.01,185.1852,N/A
34.83225,0.0675,.4,0.01,185.1852,N/A
34.8533,0.0675,.4,0.01,185.1852,N/A
34.87273,0.0675,.4,0.01,185.1852,N/A
34.89274,0.0675,.4,0.01,185.1852,N/A
34.91225,0.0675,,0.01,185.1852,N/A
34.93227,0.0675,,0.01,185.1852,N/A
34.95229,0.0675,,0.01,185.1852,N/A
34.97334,0.0675,,0.01,185.1852,N/A
34.99246,0.0675,4,0.01454667,178.4494,N/A
35.01238,0.0675,4,0.01454667,178.4494,N/A
35.0333,0.0675,4,0.01454667,178.4494,N/A
35.05278,0.0675,4,0.01454667,178.4494,N/A
35.07279,0.0675,4,0.01454667,178.4494,N/A
35.09225,0.0675,4,0.01454667,178.4494,N/A
35.11325,0.0675,4,0.01454667,178.4494,N/A
35.1328,0.06750001,4,0.01454667,178.4494,N/A
35.15233,0.0675,4,0.01454667,178.4494,N/A
35.17326,0.0675,.4,0.01454667,178.4494,N/A
35.19284,0.06750001,.4,0.01454667,178.4494,N/A
35.21225,0.0675,.4,0.01454667,178.4494,N/A
35.23226,0.0675,.4,0.01454667,178.4494,N/A
35.25288,0.0675,.4,0.01454667,178.4494,N/A
35.27325,0.0675,.4,0.01454667,178.4494,N/A
35.29226,0.0675,.4,0.01454667,178.4494,N/A
35.31276,0.0675,.4,0.01454667,178.4494,N/A
35.33272,0.0675,.4,0.01454667,178.4494,N/A
35.35289,0.0675,,0.01454667,178.4494,N/A
35.37225,0.0675,,0.01454667,178.4494,N/A
35.39252,0.0675,,0.01454667,178.4494,N/A
35.41237,0.06750001,,0.01454667,178.4494,N/A
35.43243,0.0675,,0.01454667,178.4494,N/A
35.45182,0.0675,,0.01454667,178.4494,N/A
35.47233,0.0675,,0.01454667,178.4494,N/A
35.49229,0.0675,,0.01454667,178.4494,N/A
35.5128,0.0675,,0.01454667,178.4494,N/A
35.53275,0.06750001,4,0.02273067,166.3249,N/A
35.55331,0.0675,4,0.02273067,166.3249,N/A
35.57227,0.0675,4,0.02273067,166.3249,N/A
35.59235,0.0675,4,0.02273067,166.3249,N/A
35.61339,0.0675,4,0.02273067,166.3249,N/A
35.63336,0.06750001,.4,0.01454667,178.4494,N/A
35.65338,0.0675,.4,0.01454667,178.4494,N/A
35.67279,0.0675,.4,0.01454667,178.4494,N/A
35.69175,0.06750001,.4,0.01454667,178.4494,N/A
35.712,0.0675,.4,0.01454667,178.4494,N/A
35.7333,0.0675,.4,0.01454667,178.4494,N/A
35.7518,0.0675,.4,0.01454667,178.4494,N/A
35.77188,0.0675,.4,0.01454667,178.4494,N/A
35.79236,0.0675,.4,0.01454667,178.4494,N/A
35.81225,0.0675,.4,0.01454667,178.4494,N/A
35.83228,0.0675,.4,0.01454667,178.4494,N/A
35.85297,0.0675,.4,0.01454667,178.4494,N/A
35.87321,0.0675,.4,0.01454667,178.4494,N/A
35.89272,0.0675,.4,0.01454667,178.4494,N/A
35.91229,0.06750001,,0.01454667,178.4494,N/A
35.93272,0.0675,,0.01454667,178.4494,N/A
35.95232,0.0675,,0.01454667,178.4494,N/A
35.97322,0.06750001,,0.01454667,178.4494,N/A
35.99232,0.06750001,4,0.02273067,166.3249,N/A
36.01223,0.06750001,4,0.02273067,166.3249,N/A
36.03273,0.0675,4,0.02273067,166.3249,N/A
36.05136,0.0675,4,0.02273067,166.3249,N/A
36.07209,0.0675,4,0.02273067,166.3249,N/A
36.09171,0.0675,.4,0.02273067,166.3249,N/A
36.11284,0.0675,.4,0.02273067,166.3249,N/A
36.13269,0.0675,.4,0.02273067,166.3249,N/A
36.15272,0.09956933,.4,0.02273067,177.171,N/A
36.17271,0.09956933,.4,0.02273067,177.171,N/A
36.19287,0.09956933,.4,0.02273067,177.171,N/A
36.21222,0.09956933,.4,0.02273067,177.171,N/A
36.23232,0.09956933,.4,0.02273067,177.171,N/A
36.25177,0.09956933,.4,0.02273067,177.171,N/A
36.27233,0.09956933,.4,0.02273067,177.171,N/A
36.29326,0.09956933,.4,0.02273067,177.171,N/A
36.31273,0.09956933,.4,0.02273067,177.171,N/A
36.3322,0.09956933,.4,0.02273067,177.171,N/A
36.35271,0.09956933,,0.02273067,177.171,N/A
36.37273,0.09956933,,0.02273067,177.171,N/A
36.39223,0.09956933,,0.02273067,177.171,N/A
36.41284,0.09956933,,0.02273067,177.171,N/A
36.43177,0.09956933,,0.02273067,177.171,N/A
36.45322,0.09956933,4,0.02273067,177.171,N/A
36.47228,0.09956933,4,0.02273067,177.171,N/A
36.49228,0.09956933,4,0.02273067,177.171,N/A
36.51328,0.09956933,4,0.02273067,177.171,N/A
36.53251,0.1077533,.4,0.01454667,186.5,N/A
36.55219,0.1077533,.4,0.01454667,186.5,N/A
36.57227,0.1077533,.4,0.01454667,186.5,N/A
36.5922,0.1077533,.4,0.01454667,186.5,N/A
36.61223,0.1077533,.4,0.01454667,186.5,N/A
36.6327,0.1077533,.4,0.01454667,186.5,N/A
36.65283,0.1077533,.4,0.01454667,186.5,N/A
36.67216,0.1077533,.4,0.01454667,186.5,N/A
36.69321,0.1077533,.4,0.01454667,186.5,N/A
36.71288,0.1077533,.4,0.01454667,186.5,N/A
36.73284,0.1077533,.4,0.01454667,186.5,N/A
36.75217,0.1077533,.4,0.01454667,186.5,N/A
36.77324,0.1077533,.4,0.01454667,186.5,N/A
36.79219,0.1077533,.4,0.01454667,186.5,N/A
36.81321,0.1077533,,0.01454667,186.5,N/A
36.83281,0.1077533,,0.01454667,186.5,N/A
36.85323,0.1077533,,0.01454667,186.5,N/A
36.87271,0.1077533,,0.01454667,186.5,N/A
36.89283,0.1077533,4,0.01454667,186.5,N/A
36.91283,0.1077533,4,0.01454667,186.5,N/A
36.9322,0.1077533,4,0.01454667,186.5,N/A
36.95222,0.1077533,4,0.01454667,186.5,N/A
36.97174,0.1077533,4,0.01454667,186.5,N/A
36.99274,0.1123,.4,0.01,191.0953,N/A
37.01327,0.1123,.4,0.01,191.0953,N/A
37.03288,0.1123,.4,0.01,191.0953,N/A
37.0517,0.1123,.4,0.01,191.0953,N/A
37.07171,0.1123,.4,0.01,191.0953,N/A
37.09272,0.1123,.4,0.01,191.0953,N/A
37.11273,0.1123,.4,0.01,191.0953,N/A
37.13274,0.1123,.4,0.01,191.0953,N/A
37.15172,0.05,.4,0.01,180,N/A
37.1732,0.05,.4,0.01,180,N/A
37.19286,0.05,.4,0.01,180,N/A
37.21324,0.05,.4,0.01,180,N/A
37.23273,0.05,.4,0.01,180,N/A
37.25326,0.05,.4,0.01,180,N/A
37.27227,0.05,,0.01,180,N/A
37.29224,0.05,,0.01,180,N/A
37.31327,0.05,,0.01,180,N/A
37.33331,0.05,,0.01,180,N/A
37.35281,0.05,4,0.01,180,N/A
37.37178,0.05,4,0.01,180,N/A
37.39223,0.05,4,0.01,180,N/A
37.41224,0.05,4,0.01,180,N/A
37.43179,0.05,4,0.01,180,N/A
37.45326,0.05,-0.4,0.01,180,N/A
37.47226,0.05,-0.4,0.01,180,N/A
37.49228,0.05,-0.4,0.01,180,N/A
37.51329,0.05,-0.4,0.01,180,N/A
37.53328,0.05,.4,0.01,180,N/A
37.55239,0.05,.4,0.01,180,N/A
37.57236,0.05,.4,0.01,180,N/A
37.59236,0.05,.4,0.01,180,N/A
37.6128,0.05,.4,0.01,180,N/A
37.63279,0.05,.4,0.01,180,N/A
37.65331,0.05,.4,0.01,180,N/A
37.67285,0.05,.4,0.01,180,N/A
37.69337,0.05,.4,0.01,180,N/A
37.71332,0.05,,0.01,180,N/A
37.73285,0.05,,0.01,180,N/A
37.75281,0.05,,0.01,180,N/A
37.77328,0.05,,0.01,180,N/A
37.7922,0.05,,0.01,180,N/A
37.81173,0.05,4,0.01,180,N/A
37.83235,0.05,4,0.01,180,N/A
37.85323,0.05,4,0.01,180,N/A
37.87246,0.05,4,0.01,180,N/A
37.8932,0.05,4,0.01,180,N/A
37.91289,0.05,4,0.01,180,N/A
37.93218,0.05,4,0.01,180,N/A
37.9527,0.05,4,0.01,180,N/A
37.97218,0.05,4,0.01,180,N/A
37.99275,0.05,.4,0.01,180,N/A
38.0122,0.05,.4,0.01,180,N/A
38.03224,0.05,.4,0.01,180,N/A
38.05172,0.05,.4,0.01,180,N/A
38.07278,0.05,.4,0.01,180,N/A
38.09288,0.05,.4,0.01,180,N/A
38.11221,0.05,.4,0.01,180,N/A
38.13335,0.05,.4,0.01,180,N/A
38.15324,0.05,.4,0.01,180,N/A
38.17221,0.05,,0.01,180,N/A
38.19323,0.05,,0.01,180,N/A
38.21326,0.05,,0.01,180,N/A
38.2333,0.05,,0.01,180,N/A
38.25271,0.05,,0.01,180,N/A
38.27235,0.05,,0.01,180,N/A
38.29317,0.02435115,,0.01,158.9342,N/A
38.31319,0.1123,,0.01,191.0953,N/A
38.33233,0.1123,,0.01,191.0953,N/A
38.35225,0.109572,4,0.01272799,188.3839,N/A
38.3727,0.109572,4,0.01272799,188.3839,N/A
38.39227,0.109572,4,0.01272799,188.3839,N/A
38.41203,0.109572,4,0.01272799,188.3839,N/A
38.4332,0.109572,4,0.01272799,188.3839,N/A
38.45271,0.1123,.4,0.01,191.0953,N/A
38.47237,0.1123,.4,0.01,191.0953,N/A
38.49325,0.1123,.4,0.01,191.0953,N/A
38.512,0.1123,.4,0.01,191.0953,N/A
38.53338,0.1123,.4,0.01,191.0953,N/A
38.55323,0.1123,.4,0.01,191.0953,N/A
38.57183,0.1123,.4,0.01,191.0953,N/A
38.59225,0.1123,.4,0.01,191.0953,N/A
38.61285,0.1123,.4,0.01,191.0953,N/A
38.63222,0.1123,.4,0.01,191.0953,N/A
38.65268,0.1123,.4,0.01,191.0953,N/A
38.67267,0.1123,.4,0.01,191.0953,N/A
38.69217,0.1123,.4,0.01,191.0953,N/A
38.71328,0.1123,,0.01,191.0953,N/A
38.7327,0.1123,,0.01,191.0953,N/A
38.75317,0.1123,,0.01,191.0953,N/A
38.77221,0.1123,,0.01,191.0953,N/A
38.79318,0.1123,,0.01,191.0953,N/A
38.81226,0.109572,4,0.012728,188.3839,N/A
38.83245,0.109572,4,0.012728,188.3839,N/A
38.85221,0.109572,4,0.012728,188.3839,N/A
38.87225,0.109572,4,0.012728,188.3839,N/A
38.89271,0.109572,.4,0.012728,188.3839,N/A
38.91327,0.109572,.4,0.012728,188.3839,N/A
38.93289,0.109572,.4,0.012728,188.3839,N/A
38.95271,0.109572,.4,0.012728,188.3839,N/A
38.97173,0.109572,.4,0.012728,188.3839,N/A
38.99324,0.109572,.4,0.012728,188.3839,N/A
39.01275,0.109572,.4,0.012728,188.3839,N/A
39.0323,0.109572,.4,0.012728,188.3839,N/A
39.05226,0.109572,.4,0.012728,188.3839,N/A
39.07325,0.109572,.4,0.012728,188.3839,N/A
39.09225,0.109572,.4,0.012728,188.3839,N/A
39.11224,0.109572,.4,0.012728,188.3839,N/A
39.13324,0.109572,.4,0.012728,188.3839,N/A
39.15274,0.109572,.4,0.012728,188.3839,N/A
39.17222,0.109572,,0.012728,188.3839,N/A
39.19333,0.109572,,0.012728,188.3839,N/A
39.21235,0.109572,,0.012728,188.3839,N/A
39.23293,0.109572,,0.012728,188.3839,N/A
39.2533,0.109572,,0.012728,188.3839,N/A
39.27322,0.109572,4,0.01272799,188.3839,N/A
39.29324,0.109572,4,0.01272799,188.3839,N/A
39.3127,0.109572,4,0.01272799,188.3839,N/A
39.33236,0.109572,4,0.01272799,188.3839,N/A
39.35324,0.1077533,.4,0.01454667,186.5,N/A
39.37225,0.1077533,.4,0.01454667,186.5,N/A
39.39288,0.1077533,.4,0.01454667,186.5,N/A
39.41175,0.1077533,.4,0.01454667,186.5,N/A
39.43322,0.1077533,.4,0.01454667,186.5,N/A
39.4523,0.1077533,.4,0.01454667,186.5,N/A
39.47279,0.1077533,.4,0.01454667,186.5,N/A
39.4928,0.1077533,.4,0.01454667,186.5,N/A
39.51325,0.1077533,.4,0.01454667,186.5,N/A
39.53282,0.1077533,.4,0.01454667,186.5,N/A
39.55175,0.1077533,.4,0.01454667,186.5,N/A
39.57325,0.1077533,.4,0.01454667,186.5,N/A
39.59184,0.1077533,.4,0.01454667,186.5,N/A
39.61276,0.1077533,.4,0.01454667,186.5,N/A
39.63225,0.1077533,,0.01454667,186.5,N/A
39.65339,0.1077533,,0.01454667,186.5,N/A
39.67324,0.1077533,,0.01454667,186.5,N/A
39.69279,0.1077533,,0.01454667,186.5,N/A
39.71211,0.1077533,4,0.01454667,186.5,N/A
39.73274,0.1077533,4,0.01454667,186.5,N/A
39.75282,0.1077533,4,0.01454667,186.5,N/A
39.77326,0.1077533,4,0.01454667,186.5,N/A
39.79276,0.1077533,4,0.01454667,186.5,N/A
39.81227,0.1077533,4,0.01454667,186.5,N/A
39.83339,0.1077533,4,0.01454667,186.5,N/A
39.85335,0.1077533,4,0.01454667,186.5,N/A
39.87283,0.1077533,4,0.01454667,186.5,N/A
39.89325,0.1077533,.4,0.01454667,186.5,N/A
39.91275,0.1077533,.4,0.01454667,186.5,N/A
39.93291,0.1077533,.4,0.01454667,186.5,N/A
39.95221,0.1077533,.4,0.01454667,186.5,N/A
39.97271,0.1077533,.4,0.01454667,186.5,N/A
39.99227,0.1077533,.4,0.01454667,186.5,N/A
40.01287,0.1077533,.4,0.01454667,186.5,N/A
40.03224,0.1077533,.4,0.01454667,186.5,N/A
40.05323,0.1077533,.4,0.01454667,186.5,N/A
40.07224,0.1077533,.4,0.01454667,186.5,N/A
40.09287,0.1077533,,0.01454667,186.5,N/A
40.11276,0.1077533,,0.01454667,186.5,N/A
40.13275,0.1077533,,0.01454667,186.5,N/A
40.15226,0.1077533,,0.01454667,186.5,N/A
40.17201,0.1077533,4,0.01454667,186.5,N/A
40.19281,0.1077533,4,0.01454667,186.5,N/A
40.21243,0.1077533,4,0.01454667,186.5,N/A
40.23331,0.1077533,4,0.01454667,186.5,N/A
40.25127,0.1077533,4,0.01454667,186.5,N/A
40.27282,0.09956933,4,0.02273067,177.171,N/A
40.29178,0.09956933,4,0.02273067,177.171,N/A
40.29375,0.109572,-0.4,0.01272799,188.3839,N/A
40.29375,0.109572,-0.4,0.01272799,188.3839,N/A
40.29375,0.109572,-0.4,0.01272799,188.3839,N/A
40.36155,0.109572,-0.4,0.01272799,188.3839,N/A
40.39236,0.109572,-0.4,0.01272799,188.3839,N/A
40.4128,0.109572,-0.4,0.01272799,188.3839,N/A
40.43328,0.109572,-0.4,0.01272799,188.3839,N/A
40.45231,0.109572,-0.4,0.01272799,188.3839,N/A
40.47329,0.109572,-0.4,0.01272799,188.3839,N/A
40.49281,0.109572,-0.4,0.01272799,188.3839,N/A
40.51284,0.109572,-0.4,0.01272799,188.3839,N/A
40.53287,0.109572,,0.01272799,188.3839,N/A
40.5534,0.109572,,0.01272799,188.3839,N/A
40.57227,0.109572,,0.01272799,188.3839,N/A
40.59227,0.109572,,0.01272799,188.3839,N/A
40.61227,0.109572,,0.01272799,188.3839,N/A
40.63227,0.109572,,0.01272799,188.3839,N/A
40.65289,0.109572,,0.01272799,188.3839,N/A
40.67328,0.109572,,0.01272799,188.3839,N/A
40.69292,0.109572,,0.01272799,188.3839,N/A
40.71231,0.101388,4,0.020912,179.3743,N/A
40.73332,0.101388,4,0.020912,179.3743,N/A
40.75276,0.101388,4,0.020912,179.3743,N/A
40.77276,0.101388,4,0.020912,179.3743,N/A
40.79229,0.101388,4,0.020912,179.3743,N/A
40.81226,0.109572,.4,0.01272799,188.3839,N/A
40.83227,0.109572,.4,0.01272799,188.3839,N/A
40.85276,0.109572,.4,0.01272799,188.3839,N/A
40.87294,0.109572,.4,0.01272799,188.3839,N/A
40.8923,0.109572,.4,0.01272799,188.3839,N/A
40.91234,0.109572,.4,0.01272799,188.3839,N/A
40.93336,0.109572,.4,0.01272799,188.3839,N/A
40.95325,0.109572,.4,0.01272799,188.3839,N/A
40.9733,0.109572,.4,0.01272799,188.3839,N/A
40.99231,0.109572,,0.01272799,188.3839,N/A
41.01244,0.109572,,0.01272799,188.3839,N/A
41.03328,0.109572,,0.01272799,188.3839,N/A
41.05282,0.109572,,0.01272799,188.3839,N/A
41.07253,0.109572,,0.01272799,188.3839,N/A
41.09278,0.109572,,0.01272799,188.3839,N/A
41.11194,0.109572,,0.01272799,188.3839,N/A
41.13287,0.109572,,0.01272799,188.3839,N/A
41.15281,0.109572,,0.01272799,188.3839,N/A
41.17248,0.101388,4,0.020912,179.3743,N/A
41.19281,0.101388,4,0.020912,179.3743,N/A
41.2128,0.101388,4,0.020912,179.3743,N/A
41.2323,0.101388,4,0.020912,179.3743,N/A
41.25245,0.101388,4,0.020912,179.3743,N/A
41.27234,0.101388,.4,0.020912,179.3743,N/A
41.2923,0.101388,.4,0.020912,179.3743,N/A
41.31245,0.101388,.4,0.020912,179.3743,N/A
41.33277,0.101388,.4,0.020912,179.3743,N/A
41.35329,0.101388,.4,0.020912,179.3743,N/A
41.37243,0.101388,.4,0.020912,179.3743,N/A
41.3928,0.101388,.4,0.020912,179.3743,N/A
41.41337,0.101388,.4,0.020912,179.3743,N/A
41.43287,0.101388,.4,0.020912,179.3743,N/A
41.45341,0.101388,.4,0.020912,179.3743,N/A
41.4729,0.101388,.4,0.020912,179.3743,N/A
41.49329,0.101388,.4,0.020912,179.3743,N/A
41.51232,0.101388,.4,0.020912,179.3743,N/A
41.53268,0.101388,,0.020912,179.3743,N/A
41.55254,0.101388,,0.020912,179.3743,N/A
41.57268,0.101388,,0.020912,179.3743,N/A
41.5926,0.101388,,0.020912,179.3743,N/A
41.61181,0.101388,,0.020912,179.3743,N/A
41.63328,0.101388,4,0.020912,179.3743,N/A
41.65256,0.101388,4,0.020912,179.3743,N/A
41.67308,0.101388,4,0.020912,179.3743,N/A
41.69257,0.101388,4,0.020912,179.3743,N/A

